post_id,post_text,time,comments,shares,reactions,reaction_count,thÃ­ch,thÆ°Æ¡ng thÆ°Æ¡ng,yÃªu thÃ­ch,haha,buá»“n,wow,pháº«n ná»™
649244514087261,"CÃ¹ng VBA xem láº¡i nhá»¯ng hÃ¬nh áº£nh Ä‘áº¹p máº¯t tá»« tráº­n Ä‘áº¥u gÃ¢y quá»¹ ALL-STARS BALL OUT vá»«a diá»…n ra vÃ o chá»§ nháº­t vá»«a qua (19.11.2023) táº¡i NTÄ Há»“ XuÃ¢n HÆ°Æ¡ng
#VBA #allstarsballout #ctrlf #fabonguyen",2023-11-21 19:30:07,7,14,"{'thÃ­ch': 463, 'yÃªu thÃ­ch': 104, 'wow': 1, 'thÆ°Æ¡ng thÆ°Æ¡ng': 1}",569,463,1,104,0,0,1,0
648554887489557,"ğ‡ğ€ğğğ˜ ğ“ğ„ğ€ğ‚ğ‡ğ„ğ‘'ğ’ ğƒğ€ğ˜ ğŸğŸ.ğŸğŸ ğŸ‘¥â¤ï¸

NhÃ¢n dá»‹p NgÃ y NhÃ  GiÃ¡o Viá»‡t Nam 20.1, chÃºng ta hÃ£y cÃ¹ng gá»­i lá»i chÃºc tá»‘t Ä‘áº¹p nháº¥t dÃ nh táº·ng cho cÃ¡c huáº¥n luyá»‡n viÃªn cÃ¡c tháº§y, cÃ¡c cÃ´ cá»§a mÃ¬nh cÃ³ Ä‘Æ°á»£c nhiá»u sá»©c khá»e, ngáº­p trÃ n niá»m vui vÃ  háº¡nh phÃºc trÃªn hÃ nh trÃ¬nh trá»“ng ngÆ°á»i cao Ä‘áº¹p vÃ  vÄ© Ä‘áº¡i.

#VBA #happyteachersday2023ğŸŒ¸ğŸŒº",2023-11-20 12:12:33,0,0,"{'thÃ­ch': 64, 'yÃªu thÃ­ch': 26}",90,64,0,26,0,0,0,0
648528070825572,"ğŸ”¥GIáº¢M BUNG NÃ“C TOÃ€N Bá»˜ SP Tá»šI 50%++ BLACK FRIDAY- Äáº¾N ANTA NGAY KáººO Háº¾T!
Giáº£m sÃ¢u chÆ°a tá»«ng cÃ³ toÃ n bá»™ sáº£n pháº©m, cÃ¡c BST má»›i liÃªn tá»¥c lÃªn ká»‡ vÃ  chÃ¡y hÃ ng, Black Friday Ä‘ang diá»…n ra cá»±c nÃ³ng táº¡i Há»‡ thá»‘ng ANTAXem thÃªm trÃªn toÃ n quá»‘c. Báº¡n Ä‘Ã£ tham gia chÆ°a - Äáº¿n ngay, chá»n liá»n tay káº»o háº¿t:
ğŸ”°CÃ¡c thiáº¿t káº¿ quáº§n Ã¡o, giÃ y dÃ©p GIáº¢M Sá»C Tá»šI 50%
ğŸ”°CÃ¡c item phá»¥ kiá»‡n siÃªu diá»‡n GIáº¢M KHá»¦NG Tá»šI 60%
ğŸ”°Thanh toÃ¡n báº±ng tháº» Mastercard & Napas GIáº¢M THÃŠM 200K (Ãp dá»¥ng Ä‘áº¿n háº¿t 31/12 cho hÃ³a Ä‘Æ¡n tá»« 2 triá»‡u)
ğŸ‘‰CÃ¹ng nhiá»u Æ°u Ä‘Ã£i lá»›n nháº¥t nÄƒm chá»‰ cÃ³ táº¡i Black Friday Ã¡p dá»¥ng tá»« ngÃ y: 10/11-3/12/23 táº¡i cÃ¡c store: https://bom.so/3b64bN
Äá»“ Ä‘áº¹p, size vá»«a cáº§n lá»±a sá»›m, tá»›i luÃ´n thÃ´i nÃ o!!!
ANTA - KEEP MOVING
-\-\-\-\-\-\-\-\-\-\-\-\-\-\-\-\-\-\-\-\-\-\-\-\-\-\-\-\-\-\-\-\-\-\-\-\-\-\-\-\-\-\
Freeship ToÃ n quá»‘c vá»›i Ä‘Æ¡n hÃ ng tá»« 500k
- Há»‡ thá»‘ng cá»­a hÃ ng Anta chÃ­nh hÃ£ng: https://bit.ly/3nvJfyy
- Instagram: https://bit.ly/3zaxIuv
- Shopee: https://shope.ee/B1mBou4d4
- Tiki: https://bit.ly/ANTA_TIKI
- Lazada: https://bit.ly/antalazada
- Hotline: 0974 945 488
#Anta #antasportsvietnam #aoanta #giayanta #blackfriday #sale",2023-11-20 11:00:09,0,0,"{'thÃ­ch': 10, 'yÃªu thÃ­ch': 2}",12,10,0,2,0,0,0,0
648160930862286,"Báº®T Äáº¦U THÃ”I!!!

ALL-STARS BALL OUT â¤ï¸â€ğŸ”¥ğŸ€

#VBA #fabonguyen",2023-11-19 19:18:13,10,12,"{'thÃ­ch': 660, 'yÃªu thÃ­ch': 162, 'haha': 3, 'wow': 5, 'thÆ°Æ¡ng thÆ°Æ¡ng': 2}",832,660,2,162,3,0,5,0
648080580870321,"5 rapper Rap Viá»‡t vÃ  1 rapper bÃ­ máº­t Ä‘Ã£ sáºµn sÃ ng thá»•i bÃ¹ng báº§u khÃ´ng khÃ­ báº±ng nhá»¯ng bÃ i HIT cá»§a mÃ¬nh táº¡i All-stars Ball Out vÃ o 19h00 táº¡i NTD Há»“ XuÃ¢n HÆ°Æ¡ng Ä‘Ãªm nay.

CÃ¹ng Ä‘áº¿m ngÆ°á»£c 3 tiáº¿ng ná»¯a lÃ  tráº­n Ä‘áº¥u diá»…nXem thÃªm ra rá»“i, ballers nÃ o chÆ°a cÃ³ vÃ© vÃ o ngay link nÃ y Ä‘á»ƒ mua sá»›m nhaa: https://ticket.vba.vn/match/268

#VBA #allstarsballout #ctrlf #fabonguyen",2023-11-19 15:52:32,5,1,"{'thÃ­ch': 387, 'yÃªu thÃ­ch': 67, 'wow': 4}",458,387,0,67,0,0,4,0
647965344215178,"ğŸ”¥ Tiáº¿t má»¥c táº¡i All-stars Ball Out!

DÃ n rappers cá»§a RAPVIET sáº½ mang bÃ i hÃ¡t gÃ¬ Ä‘áº¿n tráº­n Ä‘áº¥u Ä‘Ã¢y? CÃ¹ng Ä‘oÃ¡n xem nhÃ© ğŸ˜™

CÃ¹ng Ä‘áº¿m ngÆ°á»£c 8 tiáº¿ng ná»¯a thÃ´i lÃ  tráº­n Ä‘áº¥u diá»…n ra rá»“i, ballers nÃ o chÆ°a cÃ³ vÃ© vÃ o ngay linkXem thÃªm nÃ y Ä‘á»ƒ mua sá»›m nhaa: https://ticket.vba.vn/match/268

NgÃ y diá»…n ra tráº­n Ä‘áº¥u: 18h 19/11/2023
Äá»‹a Ä‘iá»ƒm: NhÃ  thi Ä‘áº¥u Há»“ XuÃ¢n HÆ°Æ¡ng - 2 Há»“ XuÃ¢n HÆ°Æ¡ng, PhÆ°á»ng 6, Quáº­n 3, ThÃ nh phá»‘ Há»“ ChÃ­ Minh
#VBA #allstarsballout #ctrlf #fabonguyen",2023-11-19 10:57:39,26,9,"{'thÃ­ch': 335, 'yÃªu thÃ­ch': 63, 'haha': 2, 'wow': 23}",423,335,0,63,2,0,23,0
646523197692726,"Äáº¾M NGÆ¯á»¢C 3 NGÃ€Y ALL STARS BALL OUT - Sá»± kiá»‡n bÃ³ng rá»• Ä‘áº·c biá»‡t quy tá»¥ 20 KOLs vÃ  cÃ¡c cáº§u thá»§ VBA chuyÃªn nghiá»‡p báº¯t Ä‘áº§u ğŸ†ğŸ”¥ğŸ€

Tráº­n Ä‘áº¥u Ä‘Æ°á»£c táº¡o ra vá»›i má»¥c Ä‘Ã­ch thiá»‡n nguyá»‡n vÃ  Fabo sáº½ quyÃªn gÃ³p toÃ n bá»™ doanh thuXem thÃªm cá»§a tráº­n Ä‘áº¥u.

âœ¨All-Star Ball Out lÃ  tráº­n Ä‘áº¥u bÃ³ng rá»• Ä‘áº§u tiÃªn táº¡i Viá»‡t Nam quy tá»¥ dÃ n member ""siÃªu khá»§ng"" lÃ  nhá»¯ng KOLs/Creators/Rappers vÃ  cáº§u thá»§ VBA ná»•i tiáº¿ng nháº­n Ä‘Æ°á»£c nhiá»u sá»± yÃªu quÃ½ tá»« khÃ¡n giáº£ hÃ¢m má»™.

ğŸ¤BÃªn cáº¡nh nhá»¯ng tráº­n Ä‘áº¥u ""chÃ¡y khÃ©t láº¹t"" thÃ¬ BTC cÃ²n chuáº©n bá»‹ nhá»¯ng tiáº¿t má»¥c trÃ¬nh diá»…n Ã¢m nháº¡c siÃªu hot sáº½ Ä‘Æ°á»£c báº­t mÃ­ trong thá»i gian sáº¯p tá»›i.

ğŸMá»—i háº¡ng vÃ© Ä‘á»u bao gá»“m nhá»¯ng pháº§n quÃ  háº¥p dáº«n mÃ  chÃ­nh tay Fabo chuáº©n bá»‹ Ä‘á»ƒ tri Ã¢n khÃ¡n giáº£ Ä‘Ã£ dÃ nh tÃ¬nh yÃªu cho Fabo cÅ©ng nhÆ° dÃ nh tÃ¬nh yÃªu cho sá»± kiá»‡n láº§n nÃ y.

ğŸ« 3 háº¡ng vÃ© chÃ­nh thá»©c Ä‘Æ°á»£c má»Ÿ bÃ¡n trong ngÃ y hÃ´m nay chÃ­nh lÃ : PREMIUM, VIP, COURTSIDE Ä‘i cÃ¹ng nhá»¯ng quÃ  táº·ng háº¥p dáº«n. HÃ£y nhanh tay Ä‘áº·t gáº¡ch tham dá»± sá»± kiá»‡n Ä‘á»ƒ khÃ´ng bá» lá»¡ khoáº£nh kháº¯c cÃ³ 1-0-2 nÃ y cÃ¹ng vá»›i Fabo nhÃ© ğŸ˜‰

#VBA #allstarsballout #ctrlf #fabonguyen #fa",2023-11-16 18:10:55,2,0,"{'thÃ­ch': 50, 'yÃªu thÃ­ch': 8, 'thÆ°Æ¡ng thÆ°Æ¡ng': 1}",59,50,1,8,0,0,0,0
646030231075356,"ğŸ”¥ KHI MUA VÃ‰, Báº N NHáº¬N ÄÆ¯á»¢C GÃŒ?

NgÃ y diá»…n ra tráº­n Ä‘áº¥u: 18h 19/11/2023
Äá»‹a Ä‘iá»ƒm: NhÃ  thi Ä‘áº¥u Há»“ XuÃ¢n HÆ°Æ¡ng - 2 Há»“ XuÃ¢n HÆ°Æ¡ng, PhÆ°á»ng 6, Quáº­n 3, ThÃ nh phá»‘ Há»“ ChÃ­ Minh.

Tráº­n Ä‘áº¥u Ä‘Æ°á»£c táº¡o ra vá»›i má»¥c Ä‘Ã­ch thiá»‡nXem thÃªm nguyá»‡n vÃ  Fabo sáº½ quyÃªn gÃ³p toÃ n bá»™ doanh thu cá»§a tráº­n Ä‘áº¥u.

ğŸ€ Tham gia vÃ o 1 sá»± kiá»‡n bÃ³ng rá»• vá»›i sá»± tham gia cá»§a 22 NGÃ”I SAO

ğŸ€ Nháº­n Ä‘Æ°á»£c ngay 1 pháº§n quÃ  Äá»˜C QUYá»€N cá»§a tráº­n Ä‘áº¥u Ä‘Æ°á»£c Fabo Ä‘Ã­ch thÃ¢n chuáº©n bá»‹ dÃ nh táº·ng khÃ¡ch tham dá»±

ğŸ€ CÃ³ cÆ¡ há»™i tham gia minigame Offline trá»±c tiáº¿p táº¡i tráº­n Ä‘áº¥u, nháº­n ngay 1 SET QUÃ€ siÃªu giÃ¡ trá»‹ Ä‘áº¿n tá»« All-Stars Ball Out.

ğŸ€ Quáº©y háº¿t mÃ¬nh vá»›i nhiá»u tiáº¿t má»¥c siÃªu chÃ¡y tá»« DJ, nháº£y hiá»‡n Ä‘áº¡i cÃ¹ng mÃ n trÃ¬nh diá»…n Ã¢m nháº¡c vá»›i nhiá»u nghá»‡ sÄ© hot hit nháº¥t hiá»‡n nay!

ğŸ€ CÃ¡c pháº§n quÃ  tá»« cÃ¡c nhÃ  tÃ i trá»£ khÃ¡c tuá»³ theo háº¡ng vÃ©

#VBA #allstarsballout #ctrlf #fabonguyen",2023-11-15 20:00:11,11,3,"{'thÃ­ch': 57, 'yÃªu thÃ­ch': 7}",64,57,0,7,0,0,0,0
645536821124697,"Äáº¾M NGÆ¯á»¢C 5 NGÃ€Y ALL STARS BALL OUT - Sá»± kiá»‡n bÃ³ng rá»• Ä‘áº·c biá»‡t quy tá»¥ 20 KOLs vÃ  cÃ¡c cáº§u thá»§ VBA chuyÃªn nghiá»‡p báº¯t Ä‘áº§u ğŸ†ğŸ”¥ğŸ€

Tráº­n Ä‘áº¥u Ä‘Æ°á»£c táº¡o ra vá»›i má»¥c Ä‘Ã­ch thiá»‡n nguyá»‡n vÃ  Fabo sáº½ quyÃªn gÃ³p toÃ n bá»™ doanh thuXem thÃªm cá»§a tráº­n Ä‘áº¥u.

âœ¨All-Star Ball Out lÃ  tráº­n Ä‘áº¥u bÃ³ng rá»• Ä‘áº§u tiÃªn táº¡i Viá»‡t Nam quy tá»¥ dÃ n member ""siÃªu khá»§ng"" lÃ  nhá»¯ng KOLs/Creators/Rappers vÃ  cáº§u thá»§ VBA ná»•i tiáº¿ng nháº­n Ä‘Æ°á»£c nhiá»u sá»± yÃªu quÃ½ tá»« khÃ¡n giáº£ hÃ¢m má»™.

ğŸ¤BÃªn cáº¡nh nhá»¯ng tráº­n Ä‘áº¥u ""chÃ¡y khÃ©t láº¹t"" thÃ¬ BTC cÃ²n chuáº©n bá»‹ nhá»¯ng tiáº¿t má»¥c trÃ¬nh diá»…n Ã¢m nháº¡c siÃªu hot sáº½ Ä‘Æ°á»£c báº­t mÃ­ trong thá»i gian sáº¯p tá»›i.

ğŸMá»—i háº¡ng vÃ© Ä‘á»u bao gá»“m nhá»¯ng pháº§n quÃ  háº¥p dáº«n mÃ  chÃ­nh tay Fabo chuáº©n bá»‹ Ä‘á»ƒ tri Ã¢n khÃ¡n giáº£ Ä‘Ã£ dÃ nh tÃ¬nh yÃªu cho Fabo cÅ©ng nhÆ° dÃ nh tÃ¬nh yÃªu cho sá»± kiá»‡n láº§n nÃ y.

ğŸ« 3 háº¡ng vÃ© chÃ­nh thá»©c Ä‘Æ°á»£c má»Ÿ bÃ¡n trong ngÃ y hÃ´m nay chÃ­nh lÃ : PREMIUM, VIP, COURTSIDE Ä‘i cÃ¹ng nhá»¯ng quÃ  táº·ng háº¥p dáº«n. HÃ£y nhanh tay Ä‘áº·t gáº¡ch tham dá»± sá»± kiá»‡n Ä‘á»ƒ khÃ´ng bá» lá»¡ khoáº£nh kháº¯c cÃ³ 1-0-2 nÃ y cÃ¹ng vá»›i Fabo nhÃ© ğŸ˜‰

#VBA #allstarsballout #ctrlf #fabonguyen #fa",2023-11-14 19:24:01,10,1,"{'thÃ­ch': 275, 'yÃªu thÃ­ch': 48, 'haha': 5}",328,275,0,48,5,0,0,0
643348971343482,"VÃ  tháº¿ lÃ  VBA 2023 Ä‘Ã£ káº¿t thÃºc vá»›i cÃº 4-peat lá»‹ch sá»­ cho Saigon Heat. CÃ¡c Ballers hÃ£y cÃ¹ng vá»›i VBA Ä‘iá»ƒm láº¡i nhá»¯ng diá»…n biáº¿n Ä‘áº§y háº¥p dáº«n cá»§a mÃ¹a giáº£i thá»© 8 cá»§a Giáº£i bÃ³ng rá»• chuyÃªn nghiá»‡p Viá»‡t Nam.
#VBA #VBA2023",2023-11-10 20:01:42,2,8,"{'thÃ­ch': 149, 'yÃªu thÃ­ch': 60, 'haha': 1, 'thÆ°Æ¡ng thÆ°Æ¡ng': 3}",213,149,3,60,1,0,0,0
643310244680688,"ğŸ”¥ CHÃNH THá»¨C CÃ”NG Bá» SÆ  Äá»’ GHáº¾ NGá»’I Cá»¦A ALL-STARS BALL OUT!

CÃ¡c báº¡n Ä‘Ã£ sáºµn sÃ ng chÃ¡y háº¿t mÃ¬nh cho All-Stars Ball Out chÆ°aaaaa. HÃ£y giá»¯ má»™t tinh tháº§n mÃ¡u lá»­a vÃ  chá»n cho mÃ¬nh má»™t chá»— ngá»“i tháº­t Ä‘áº¹p Ä‘á»ƒ theo dÃµiXem thÃªm tráº­n bÃ³ng cÃ³ 1-0-2 nÃ y nhÃ©!

Lá»±a chá»— ngá»“i Ä‘áº¹p táº¡i Ä‘Ã¢y nha, láº¹ lÃªn khÃ´ng lÃ  háº¿t slot bÃ¢y giá» Ä‘Ã³! https://ticket.vba.vn/match/268

NgÃ y diá»…n ra tráº­n Ä‘áº¥u: 18h 19/11/2023
Äá»‹a Ä‘iá»ƒm: NhÃ  thi Ä‘áº¥u Há»“ XuÃ¢n HÆ°Æ¡ng - 2 Há»“ XuÃ¢n HÆ°Æ¡ng, PhÆ°á»ng 6, Quáº­n 3, ThÃ nh phá»‘ Há»“ ChÃ­ Minh

#VBA #allstarsballout #ctrlf #fabonguyen",2023-11-10 19:30:02,2,1,"{'thÃ­ch': 72, 'yÃªu thÃ­ch': 2}",74,72,0,2,0,0,0,0
643307424680970,"Fabo Nguyen ğ± ğ•ğğ€ chÃ­nh thá»©c má»Ÿ bÃ¡n vÃ© sá»± kiá»‡n ALL -STAR BALL OUT - Sá»± kiá»‡n bÃ³ng rá»• Ä‘áº·c biá»‡t quy tá»¥ 20 KOLs vÃ  cÃ¡c cáº§u thá»§ VBA chuyÃªn nghiá»‡p sáº½ diá»…n ra vÃ o ngÃ y 19/11ğŸ†ğŸ”¥ğŸ€

Tráº­n Ä‘áº¥u Ä‘Æ°á»£c táº¡o ra vá»›i má»¥c Ä‘Ã­ch thiá»‡nXem thÃªm nguyá»‡n vÃ  Fabo sáº½ quyÃªn gÃ³p toÃ n bá»™ doanh thu cá»§a tráº­n Ä‘áº¥u.

âœ¨All-Star Ball Out lÃ  tráº­n Ä‘áº¥u bÃ³ng rá»• Ä‘áº§u tiÃªn táº¡i Viá»‡t Nam quy tá»¥ dÃ n member ""siÃªu khá»§ng"" lÃ  nhá»¯ng KOLs/Creators/Rappers vÃ  cáº§u thá»§ VBA ná»•i tiáº¿ng nháº­n Ä‘Æ°á»£c nhiá»u sá»± yÃªu quÃ½ tá»« khÃ¡n giáº£ hÃ¢m má»™.

ğŸ¤BÃªn cáº¡nh nhá»¯ng tráº­n Ä‘áº¥u ""chÃ¡y khÃ©t láº¹t"" thÃ¬ BTC cÃ²n chuáº©n bá»‹ nhá»¯ng tiáº¿t má»¥c trÃ¬nh diá»…n Ã¢m nháº¡c siÃªu hot sáº½ Ä‘Æ°á»£c báº­t mÃ­ trong thá»i gian sáº¯p tá»›i.

ğŸMá»—i háº¡ng vÃ© Ä‘á»u bao gá»“m nhá»¯ng pháº§n quÃ  háº¥p dáº«n mÃ  chÃ­nh tay Fabo chuáº©n bá»‹ Ä‘á»ƒ tri Ã¢n khÃ¡n giáº£ Ä‘Ã£ dÃ nh tÃ¬nh yÃªu cho Fabo cÅ©ng nhÆ° dÃ nh tÃ¬nh yÃªu cho sá»± kiá»‡n láº§n nÃ y.

ğŸ« 3 háº¡ng vÃ© chÃ­nh thá»©c Ä‘Æ°á»£c má»Ÿ bÃ¡n trong ngÃ y hÃ´m nay chÃ­nh lÃ : PREMIUM, VIP, COURTSIDE. HÃ£y nhanh tay Ä‘áº·t gáº¡ch tham dá»± sá»± kiá»‡n Ä‘á»ƒ khÃ´ng bá» lá»¡ khoáº£nh kháº¯c cÃ³ 1-0-2 nÃ y cÃ¹ng vá»›i Fabo nhÃ© ğŸ˜‰

#VBA #allstarsballout #ctrlf #fabonguyen #fabo",2023-11-10 18:20:23,4,2,"{'thÃ­ch': 98, 'yÃªu thÃ­ch': 30, 'thÆ°Æ¡ng thÆ°Æ¡ng': 1}",129,98,1,30,0,0,0,0
643108371367542,"ğŸ¯SIÃŠU SALE BLACK FRIDAY â€“ GIáº¢M KHá»¦NG NGáº¤T NGÃ‚Y Tá»šI 50%++ TOÃ€N Bá»˜ Sáº¢N PHáº¨M

Black Friday Ä‘Ã£ trá»Ÿ láº¡i- SiÃªu sale cá»±c Ä‘áº¡i lá»›n nháº¥t trong nÄƒm sáº½ diá»…n ra tá»« 10/11-3/12 táº¡i Há»‡ thá»‘ng ANTA trÃªn toÃ n quá»‘c. 10.000++ thiáº¿tXem thÃªm káº¿ Ä‘ang Ã¡p deal cá»±c khá»§ng, Ä‘áº¿n ngay thÃ´i nÃ o!

ğŸ”°GIáº¢M Tá»šI 50% TOÃ€N Bá»˜ QUáº¦N ÃO, GIÃ€Y DÃ‰P
ğŸ”°GIáº¢M Tá»šI 60% Táº¤T Cáº¢ PHá»¤ KIá»†N
ğŸ”°Ãp dá»¥ng cho cáº£ cÃ¡c BST má»›i nháº¥t vá»«a lÃªn ká»‡, khÃ´ng giá»›i háº¡n sáº£n pháº©m, dÃ²ng thiáº¿t káº¿: giÃ y táº­p, giÃ y cháº¡y, giÃ y bÃ³ng rá»•, bá»™ gym, bá»™ cháº¡y, bá»™ giÃ³, bá»™ ná»‰, T-shirt, polo, balo, bÃ³ng rá»•, bá»‹t gá»‘i, bÄƒng Ä‘Ã´â€¦

ğŸ“Rá»§ cáº¡ cá»©ng Ä‘á»ƒ chá»n lá»±a cÃ¹ng nhau táº¡i Ä‘á»‹a chá»‰ gáº§n nháº¥t dÆ°á»›i Ä‘Ã¢y nhÃ©!
https://bit.ly/3PUTVW9

ANTA - KEEP MOVING
-------------------------------------------
Freeship ToÃ n quá»‘c vá»›i Ä‘Æ¡n hÃ ng tá»« 500k
- Há»‡ thá»‘ng cá»­a hÃ ng Anta chÃ­nh hÃ£ng: https://bit.ly/3nvJfyy
- Instagram: https://bit.ly/3zaxIuv
- Shopee: https://shope.ee/B1mBou4d4
- Tiki: https://bit.ly/ANTA_TIKI
- Lazada: https://bit.ly/antalazada
- Hotline: 0974 945 488

#Anta #antasportsvietnam #sale #blackfriday #thu6den #khuyenmai",2023-11-10 10:00:18,0,1,"{'thÃ­ch': 29, 'yÃªu thÃ­ch': 4}",33,29,0,4,0,0,0,0
641644881513891,"ğŸ”¥ğŸ€ CHÃNH THá»¨C CÃ”NG Bá» CÃC THÃ€NH VIÃŠN Äá»˜I YELLOW TRONG TRáº¬N ALL-STARS BALL OUT

Tráº­n Ä‘áº¥u Ä‘Æ°á»£c táº¡o ra vá»›i má»¥c Ä‘Ã­ch thiá»‡n nguyá»‡n vÃ  Fabo sáº½ quyÃªn gÃ³p toÃ n bá»™ doanh thu cá»§a tráº­n Ä‘áº¥u.
NgÃ y diá»…n ra tráº­n Ä‘áº¥u: 19hXem thÃªm 19/11/2023
Äá»‹a Ä‘iá»ƒm: NhÃ  thi Ä‘áº¥u Há»“ XuÃ¢n HÆ°Æ¡ng - 2 Há»“ XuÃ¢n HÆ°Æ¡ng, PhÆ°á»ng 6, Quáº­n 3, ThÃ nh phá»‘ Há»“ ChÃ­ Minh

Shout-out Ä‘áº¿n nhá»¯ng tuyá»ƒn thá»§ cá»§a team YELLOW:
ğŸ”¥ 3 tuyá»ƒn thá»§ chuyÃªn nghiá»‡p cá»§a VBA: Justin Young, Caleb Nguyá»…n vÃ  Há»“ng Gia LÃ¢n liá»‡u cÃ³ cÃ¢n team?
ğŸ”¥ Creators siÃªu hot NickQTran, Trox, PhÃ­ Ngá»c HÆ°ng, Huyball, TÃ¹ng Pháº¡m sáº½ Ä‘em láº¡i nhiá»u Ä‘iá»u báº¥t ngá» cho tráº­n Ä‘áº¥u nÃ y.
ğŸ”¥ DÃ n rapper xá»‹n xÃ²: Lil Wuyn, Richie D.ICY, StrangeH há»©a háº¹n sáº½ khÃ´ng chá»‰ hÃ¡t mÃ  cÃ²n Ä‘áº¥u háº¿t mÃ¬nh.

Vá»›i dÃ n member nÃ y Ä‘á»™i YELLOW cháº¯c cháº¯n sáº½ táº¡o nÃªn má»™t tráº¥n Ä‘áº¥u cÃ¢n tÃ i cÃ¢n sá»©c vá»›i Ä‘á»™i BLACK Ä‘Ã¢y!

HÃ£y cÃ¹ng vá»›i Admin Ä‘iá»ƒm danh xem idol cá»§a báº¡n cÃ³ trong Ä‘á»™i YELLOW khÃ´ng nhÃ©! VÃ  cÃ²n nhiá»u báº¥t ngá» vÃ  thÃº vá»‹ cá»§a tráº­n Ä‘áº¥u sáº½ Ä‘Æ°á»£c cÃ´ng bá»‘ sáº¯p tá»›i

Stay tuned!ğŸ”¥

#VBA #allstarsballout #ctrlf #fabonguyen",2023-11-07 20:00:17,73,36,"{'thÃ­ch': 915, 'yÃªu thÃ­ch': 207, 'haha': 18, 'wow': 6, 'thÆ°Æ¡ng thÆ°Æ¡ng': 2, 'buá»“n': 1, 'pháº«n ná»™': 1}",1150,915,2,207,18,1,6,1
641086388236407,"ğŸ”¥ğŸ€ CHÃNH THá»¨C CÃ”NG Bá» CÃC THÃ€NH VIÃŠN Äá»˜I BLACK TRONG TRáº¬N ALL-STARS BALL OUT

NgÃ y diá»…n ra tráº­n Ä‘áº¥u: 19h 19/11/2023
Äá»‹a Ä‘iá»ƒm: NhÃ  thi Ä‘áº¥u Há»“ XuÃ¢n HÆ°Æ¡ng - 2 Há»“ XuÃ¢n HÆ°Æ¡ng, PhÆ°á»ng 6, Quáº­n 3, ThÃ nh phá»‘ Há»“ ChÃ­ MinhXem thÃªm

Shout-out Ä‘áº¿n nhá»¯ng tuyá»ƒn thá»§ cá»§a team BLACK:
ğŸ”¥ 3 tuyá»ƒn thá»§ chuyÃªn nghiá»‡p cá»§a VBA: Koka Khoa, Tony HoÃ ng vÃ  ngÃ´i sao Ä‘ang lÃªn nÄƒm 2023 cá»§a VBA - Kentrell Barkley!
ğŸ”¥ Creators nÄƒng suáº¥t Fabo Nguyen, Anh DÃ¢n QuÃ¢n vÃ  VÃµ Huy sáº½ Ä‘em láº¡i lÃ n giÃ³ má»›i cho tráº­n Ä‘áº¥u bÃ³ng rá»• láº§n nÃ y!
ğŸ”¥ DÃ n nghá»‡ sÄ© hot hit giá»›i tráº»: Yuno Bigboy, wAvy, Äáº¡t Ka, Andy VÅ©, Kriss Ngo há»©a háº¹n sáº½ táº¡o ra nhá»¯ng chemistry cá»±c Ä‘á»‰nh trong tráº­n Ä‘áº¥u!

HÃ£y cÃ¹ng vá»›i Admin Ä‘iá»ƒm danh xem idol cá»§a báº¡n cÃ³ trong Ä‘á»™i BLACK khÃ´ng nhÃ©! VÃ  cÃ²n nhiá»u báº¥t ngá» vÃ  thÃº vá»‹ cá»§a tráº­n Ä‘áº¥u sáº½ Ä‘Æ°á»£c cÃ´ng bá»‘ sáº¯p tá»›i Ä‘Ã¢y! Stay tuned!ğŸ”¥

#VBA #allstarsballout #ctrlf #fabonguyen",2023-11-06 20:00:27,124,53,"{'thÃ­ch': 1342, 'yÃªu thÃ­ch': 316, 'haha': 27, 'wow': 35, 'thÆ°Æ¡ng thÆ°Æ¡ng': 3, 'buá»“n': 2}",1725,1342,3,316,27,2,35,0
641165814895131,"Day 2 - ğ•ğğ‘ğˆğŒğ„ ğŸ‘ğ±ğŸ‘
#VBA #GENfest",2023-11-06 18:00:27,2,14,"{'thÃ­ch': 128, 'yÃªu thÃ­ch': 30, 'thÆ°Æ¡ng thÆ°Æ¡ng': 3}",161,128,3,30,0,0,0,0
640647538280292,"VPrime 3x3 Champion - HOOP DREAMS ğŸ†

#VBA #GENfest",2023-11-05 17:28:22,41,13,"{'thÃ­ch': 516, 'yÃªu thÃ­ch': 184, 'haha': 2, 'wow': 7, 'thÆ°Æ¡ng thÆ°Æ¡ng': 2}",711,516,2,184,2,0,7,0
640647001613679,"VPrime 3x3 l 1st Runner Up - MCFASolver Tech ğŸ¥ˆğŸ€ğŸ§

#VBA #GENfest",2023-11-05 17:26:52,4,19,"{'thÃ­ch': 217, 'yÃªu thÃ­ch': 54, 'wow': 2, 'thÆ°Æ¡ng thÆ°Æ¡ng': 1}",274,217,1,54,0,0,2,0
640640584947654,"HOOP DREAMS l Final: Hoop Dreams 21 - 16 MCFASolver Tech ğŸ†

Chá»©c vÃ´ Ä‘á»‹ch gá»i tÃªn Ä‘á»™i bÃ³ng duy nháº¥t â€œbáº¥t báº¡iâ€ táº¡i giáº£i Ä‘áº¥u, Hoop Dreams. Xin chÃºc má»«ng Kentrell Barkley - Hassan Thomas - TÃ¢m Äinh - Tim Waale ğŸ‘ğŸ¼ğŸ¥‡

#VBA #GENfest",2023-11-05 17:06:42,2,1,"{'thÃ­ch': 74, 'yÃªu thÃ­ch': 17}",91,74,0,17,0,0,0,0
640634708281575,"VPrime 3x3 l 2nd Runner Up - CT Tigers Basketball ğŸ¥‰ğŸ€ğŸ§

#VBA #GENfest",2023-11-05 16:49:22,2,10,"{'thÃ­ch': 177, 'yÃªu thÃ­ch': 27, 'thÆ°Æ¡ng thÆ°Æ¡ng': 1}",205,177,1,27,0,0,0,0
640590864952626,"BRACKET - VPrime 3x3

#VBA #GENfest",2023-11-05 14:36:42,2,1,"{'thÃ­ch': 74, 'yÃªu thÃ­ch': 9}",83,74,0,9,0,0,0,0
640584251619954,"HOOP DREAMS l Game 3: HOOP DREAMS 21 - 11 SHONAN SEASIDE.EXE

CÃ¡c chÃ ng trai sáº¯c tÃ­m chÃ­nh thá»©c tiáº¿n vÃ o vÃ²ng trong vá»›i thÃ nh tÃ­ch toÃ n tháº¯ng (3-0).

#VBA #GENfest",2023-11-05 14:18:21,1,0,"{'thÃ­ch': 36, 'yÃªu thÃ­ch': 8}",44,36,0,8,0,0,0,0
640568668288179,"GOOD GAME l Game 3: GOOD GAME 14 - 21 MINAKAMI TOWN.exe

CÃ¡c chÃ ng trai GG Ä‘Ã£ ná»— lá»±c háº¿t sá»©c Ä‘á»ƒ cÃ³ Ä‘Æ°á»£c cÆ¡ há»™i Ä‘i tiáº¿p nhÆ°ng Minakami Town.exe váº«n lÃ  Ä‘á»™i cÃ³ Ä‘Æ°á»£c chiáº¿n tháº¯ng báº±ng lá»£i tháº¿ thá»ƒ hÃ¬nh cá»§a mÃ¬nh.

#VBA #GENfest",2023-11-05 13:33:06,0,0,"{'thÃ­ch': 33, 'yÃªu thÃ­ch': 6}",39,33,0,6,0,0,0,0
180012575102104,"ğŸ”´ Livestream ğ•ğğ‘ğˆğŒğ„ ğŸ‘ğ±ğŸ‘ - CÃšP GIAO Há»®U BÃ“NG Rá»” 3 Äáº¤U 3 VPRIME | NgÃ y 2 (5/11/2023)

#onbongro #VBA #VPRIME3x3 #VTVcab",2023-11-05 12:31:02,30,9,"{'thÃ­ch': 141, 'yÃªu thÃ­ch': 31, 'thÆ°Æ¡ng thÆ°Æ¡ng': 1, 'buá»“n': 1}",174,141,1,31,0,1,0,0
640478121630567,"VPrime 3x3 - DAY 2 ğŸ†ğŸ€ğŸµ

TÄƒng tá»‘c cho ngÃ y thi Ä‘áº¥u cuá»‘i cÃ¹ng

#VBA #GENfest",2023-11-05 09:21:23,6,1,"{'thÃ­ch': 42, 'yÃªu thÃ­ch': 4, 'thÆ°Æ¡ng thÆ°Æ¡ng': 1}",47,42,1,4,0,0,0,0
640206781657701,"Day 1 - ğ•ğğ‘ğˆğŒğ„ ğŸ‘ğ±ğŸ‘
#VBA #GENfest",2023-11-04 20:32:41,4,6,"{'thÃ­ch': 127, 'yÃªu thÃ­ch': 22, 'thÆ°Æ¡ng thÆ°Æ¡ng': 1}",150,127,1,22,0,0,0,0
640144904997222,"STANDING - DAY 1 ğŸ†ğŸ€ğŸ§

#VBA #GENfest

Äá»¨NG Äá»¨NG - NGÃ€Y 1 ğŸ†ğŸ€ğŸ§

#VBA #GENfest",2023-11-04 17:46:16,0,1,"{'thÃ­ch': 27, 'yÃªu thÃ­ch': 2}",29,27,0,2,0,0,0,0
640075585004154,"RESULTS - MATCH DAY 1 ğŸ†ğŸ€ğŸ§

Hoop Dreams vÃ  MCFASolver Tech dáº«n Ä‘áº§u 2 báº£ng Ä‘áº¥u (A & B) vá»›i thÃ nh tÃ­ch toÃ n tháº¯ng!

#VBA #GENfest",2023-11-04 14:58:35,0,0,"{'thÃ­ch': 36, 'yÃªu thÃ­ch': 7}",43,36,0,7,0,0,0,0
640023408342705,"HOOP DREAMS l Game 2: HOOP DREAMS 21 - 7 CT TIGERS

NgÃ y ra quÃ¢n toÃ n tháº¯ng cá»§a Kentrell Barkley vÃ  cÃ¡c Ä‘á»“ng Ä‘á»™i, Hoop Dreams cá»§a chÃºng ta giÃ nh chiáº¿n tháº¯ng Ã¡p Ä‘áº£o báº¥t ngá» trÆ°á»›c CLB Ä‘áº¿n tá»« ThÃ¡i Lan.

#VBA #GENfest",2023-11-04 13:34:38,2,0,"{'thÃ­ch': 46, 'yÃªu thÃ­ch': 7, 'thÆ°Æ¡ng thÆ°Æ¡ng': 1}",54,46,1,7,0,0,0,0
639997775011935,"GOOD GAME l Game 2: GOOD GAME 14 - 17 RISING STARS

Sau tháº¥t báº¡i Ä‘áº§u tiÃªn, cÃ¡c chÃ ng trai Good Game Ä‘Ã£ thi Ä‘áº¥u toáº£ sÃ¡ng hÆ¡n báº±ng nhá»¯ng cÃº dá»©t Ä‘iá»ƒm cáº­n rá»• chÃ­nh xÃ¡c. Má»™t chÃºt may máº¯n ná»¯a thÃ´i, G.G cÃ³ thá»ƒ Ä‘Ã£ cÃ³ má»™t chiáº¿n tháº¯ng Ä‘áº§u.

#VBA #GENfest",2023-11-04 12:46:12,0,0,"{'thÃ­ch': 25, 'yÃªu thÃ­ch': 1, 'thÆ°Æ¡ng thÆ°Æ¡ng': 1}",27,25,1,1,0,0,0,0
639956821682697,"HOOP DREAMS l Game 1: HOOP DREAMS 19 - 16 TNT TRIPLE GIGA

Kentrell Barkley cÃ¹ng TÃ¢m Äinh, Hassan Thomas vÃ  Tim Waale chÃ­nh thá»©c â€œÄ‘Äƒng nháº­pâ€ vÃ o VPrime 3x3 vá»›i chiáº¿n tháº¯ng Ä‘áº§u tiÃªn.

#VBA #GENfest",2023-11-04 11:26:57,3,1,"{'thÃ­ch': 72, 'yÃªu thÃ­ch': 17, 'thÆ°Æ¡ng thÆ°Æ¡ng': 2}",91,72,2,17,0,0,0,0
639928768352169,"GOOD GAME l Game 1: GOOD GAME 6 - 21 MCFASOLVER TECH CENTRALE

CÃ¡c chÃ ng trai G.G Ä‘Ã£ cÃ³ má»Ÿ Ä‘áº§u khÃ¡ tá»‘t, nhÆ°ng Ä‘á»‘i thá»§ lÃ  nhá»¯ng ngÆ°á»i thi Ä‘áº¥u Ã¡p Ä‘áº£o hÆ¡n bá»Ÿi kinh nghiá»‡m cá»§a mÃ¬nh.

#VBA #GENfest",2023-11-04 10:30:37,1,10,"{'thÃ­ch': 116, 'yÃªu thÃ­ch': 24, 'thÆ°Æ¡ng thÆ°Æ¡ng': 4}",144,116,4,24,0,0,0,0
639913131687066,"Thá»i tiáº¿t táº¡i The Global City Ä‘ang ráº¥t nÃ³ng Ä‘áº¥y nhÃ©. Ballers Ä‘áº¿n theo dÃµi VPrime 3x3 vÃ  GENfest nhá»› mang theo quáº¡t tay nha ğŸ”¥â¤ï¸â€ğŸ”¥

#VBA #genfest",2023-11-04 10:02:21,123,30,"{'thÃ­ch': 1807, 'yÃªu thÃ­ch': 959, 'haha': 10, 'wow': 9, 'thÆ°Æ¡ng thÆ°Æ¡ng': 33, 'buá»“n': 1}",2819,1807,33,959,10,1,9,0
1513840689401041,"ğŸ”´ Livestream ğ•ğğ‘ğˆğŒğ„ ğŸ‘ğ±ğŸ‘ - CÃšP GIAO Há»®U BÃ“NG Rá»” 3 Äáº¤U 3 VPRIME

#onbongro #VBA #VPRIME3X3 #VTVcab",2023-11-04 10:01:02,35,28,"{'thÃ­ch': 171, 'yÃªu thÃ­ch': 34, 'wow': 1, 'thÆ°Æ¡ng thÆ°Æ¡ng': 3, 'buá»“n': 1}",210,171,3,34,0,1,1,0
639877268357319,"VPrime 3x3 - DAY 1 ğŸ†ğŸ€ğŸµ

Ballers Ä‘Ã£ sáºµn sÃ ng cho mÃ n chÃ o sÃ¢n cá»§a cÃ¡c Ä‘á»™i táº¡i VPrime 3x3 chÆ°a nÃ o? Cuá»‘i tuáº§n cháº¯c cháº¯n chÃºng ta sáº½ cÃ¹ng bÃ³ng rá»• vÃ  sá»± kiá»‡n Ã¢m nháº¡c GENfest.

#VBA #GENfest",2023-11-04 08:59:55,5,1,"{'thÃ­ch': 52, 'yÃªu thÃ­ch': 9, 'thÆ°Æ¡ng thÆ°Æ¡ng': 1}",62,52,1,9,0,0,0,0
639391268405919,"1 DAY LEFT
Ballers Ä‘Ã£ cÃ³ vÃ© chÆ°a!?

#VBA #GENfest",2023-11-03 11:14:47,4,0,"{'thÃ­ch': 20, 'yÃªu thÃ­ch': 1}",21,20,0,1,0,0,0,0
638971818447864,"VPRIME 3x3 CUP l Lá»ŠCH THI Äáº¤U - SCHEDULE ğŸ†ğŸ€ğŸ§

Lá»‹ch háº¹n Ä‘Ã£ lÃªn, cÃ¡c ballers cá»§a chÃºng ta Ä‘Ã£ lÃªn vÃ© hay chÆ°a! Sáºµn sÃ ng ""chÃ¡y"" cÃ¹ng thá»ƒ thá»©c 3x3 Ä‘áº§y háº¥p dáº«n táº¡i lá»… há»™i Ã¢m nháº¡c Ä‘a giÃ¡c quan GENfest nÃ o!

CÃ¹ng Ä‘áº¿m ngÆ°á»£c 2 ngÃ y chÃºng ta gáº·p láº¡i nhau.

#VBA #GENfest",2023-11-02 20:00:14,1,9,"{'thÃ­ch': 40, 'yÃªu thÃ­ch': 12, 'thÆ°Æ¡ng thÆ°Æ¡ng': 1}",53,40,1,12,0,0,0,0
639014191776960,"VPrime 3x3 Cup & GENfest 2 NGÃ€Y Äáº¾M NGÆ¯á»¢C!!!

Ballers Ä‘Ã£ biáº¿t cÃ¡ch chá»n vÃ© Ä‘á»ƒ Ä‘i cÃ¹ng ""crush"" Ä‘áº¿n lá»… há»™i Ã¢m nháº¡c cÃ³ sá»± káº¿t há»£p bÃ³ng rá»• Ä‘ang Ä‘Æ°á»£c ngÃ³ng chá» nháº¥t nhá»¯ng ngÃ y qua chÆ°a?!

#VBA #GENfest",2023-11-02 18:33:43,1,0,"{'thÃ­ch': 9, 'yÃªu thÃ­ch': 1}",10,9,0,1,0,0,0,0
638468395164873,"VPrime 3x3 - FULL ROSTERS ğŸ†ğŸ€ğŸ§

Danh sÃ¡ch cáº§u thá»§ 8 Ä‘á»™i bÃ³ng tranh tÃ i táº¡i ğ•ğğ‘ğˆğŒğ„ ğŸ‘ğ±ğŸ‘ - CÃšP GIAO Há»®U BÃ“NG Rá»” 3 Äáº¤U 3 VPRIME. Nhanh tay mua vÃ© vÃ  ""chÃ¡y"" háº¿t mÃ¬nh cÃ¹ng sá»± káº¿t há»£p Ä‘áº§u tiÃªn giá»¯a bÃ³ng rá»• vÃ  Ã¢m nháº¡c VBA x GENfest.

CÃ¹ng Ä‘áº¿m ngÆ°á»£c 3 ngÃ y chÃºng ta gáº·p láº¡i nhau nÃ o. Let's go!!!!

#VBA #GENfest",2023-11-02 10:00:27,3,22,"{'thÃ­ch': 134, 'yÃªu thÃ­ch': 34, 'thÆ°Æ¡ng thÆ°Æ¡ng': 2}",170,134,2,34,0,0,0,0
638529285158784,"ğŸ”¥ğŸ€ CÃ¹ng All-star Ball Out truy tÃ¬m nhá»¯ng cáº§u thá»§ sáº½ xuáº¥t hiá»‡n trong tráº­n Ä‘áº¥u sáº¯p tá»›i Ä‘Ã¢y!

ğŸ”¥ 3 báº¡n cÃ³ cÃ¢u tráº£ lá»i nhanh, chÃ­nh xÃ¡c vÃ  Ä‘áº§y Ä‘á»§ nháº¥t sáº½ nháº­n Ä‘Æ°á»£c ngay 1 SET QUÃ€ Äá»˜C QUYá»€N cá»§a All-star Ball Out.

CÃ¡chXem thÃªm thá»©c tham gia: Like vÃ  share bÃ i post dÆ°á»›i dáº¡ng cÃ´ng khai, comment cÃ¢u tráº£ lá»i phÃ­a dÆ°á»›i pháº§n bÃ¬nh luáº­n.

ğŸ¤˜ HÃ£y comment Ä‘Ã¡p Ã¡n cá»§a báº¡n vá» nhá»¯ng cÃ¡i tÃªn â€œthÃ¢n quenâ€ mÃ  báº¡n nhÃ¬n tháº¥y trong pháº§n Ã´ chá»¯ nÃ y nhÃ©! Biáº¿t Ä‘Ã¢u báº¡n sáº½ trá»Ÿ thÃ nh 1 trong 3 ngÆ°á»i may máº¯n nháº¥t nháº­n Ä‘Æ°á»£c set quÃ  cÃ³ 1-0-2 nÃ y thÃ¬ sao :3

NgÃ y diá»…n ra tráº­n Ä‘áº¥u: 19/11/2023
Äá»‹a Ä‘iá»ƒm: NhÃ  thi Ä‘áº¥u Há»“ XuÃ¢n HÆ°Æ¡ng - 2 Há»“ XuÃ¢n HÆ°Æ¡ng, PhÆ°á»ng 6, Quáº­n 3, ThÃ nh phá»‘ Há»“ ChÃ­ Minh

#VBA #allstarsballout #ctrlf #fabonguyen #fabo",2023-11-01 20:02:32,36,23,"{'thÃ­ch': 51, 'yÃªu thÃ­ch': 12, 'wow': 2, 'thÆ°Æ¡ng thÆ°Æ¡ng': 1}",66,51,1,12,0,0,2,0
638536935158019,"|ğŠğÌ‚Ìğ­ ğªğ®ğšÌ‰| Cuá»™c thi Story of the year â€“ CÃ¢u chuyá»‡n cá»§a nÄƒm

Sau hÆ¡n 1 thÃ¡ng phÃ¡t Ä‘á»™ng, cuá»™c thi Story of the year Ä‘Ã£ khÃ©p láº¡i. VBA chÃºc má»«ng bÃ i thi cá»§a 3 tÃ¡c giáº£ Jordan2509, Bchau vÃ  Rocky Ä‘Ã£ nháº­n Ä‘Æ°á»£c nhiá»u yÃªu thÃ­ch nháº¥t tá»« NHM vÃ  Ä‘á»“ng Ä‘oáº¡t giáº£i Story of the year â€“ CÃ¢u chuyá»‡n cá»§a nÄƒm.

Trong nÄƒm Ä‘áº§u tá»• chá»©c, khÃ´ng chá»‰ cÃ¡c bÃ i viáº¿t vÃ o vÃ²ng 2, cuá»™c thi cÃ²n nháº­n Ä‘Æ°á»£c nhiá»u cÃ¢u chuyá»‡n chÃ¢n thÃ nh nhÆ° cuá»™c trÃ² chuyá»‡n vui giá»¯a ngÆ°á»i bá»‘ 40 tuá»•i vÃ  cáº­u con 10 tuá»•i, báº¡n tÃ¬nh nguyá»‡n viÃªn cÃ¹ng CLB lÃ m thiá»‡n nguyá»‡n táº¡i lÃ ng tráº» SOS, sá»± quan tÃ¢m cá»§a fan vá»›i cáº§u thá»§, cÃ´ báº¡n Ä‘áº¡i pháº«u tim Ä‘Æ°á»£c truyá»n ""lá»­a"" tá»« fanclub CLB, niá»m tá»± hÃ o cá»§a cÃ´ giÃ¡o khi há»c trÃ² hÃ²a cÃ¹ng Ä‘am mÃª rá»“i Ä‘áº¡t thÃ nh tÃ­ch khi Ä‘áº¥u bÃ³ng rá»• vÃ  nhiá»u cÃ¢u chuyá»‡n Ã½ nghÄ©a khÃ¡c.

VBA ráº¥t vui khi cuá»™c thi Ä‘Ã£ giÃºp VBA, cáº§u thá»§ vÃ  cÃ¡c CLB cÃ³ thá»ƒ láº¯ng nghe khÃ¡n giáº£ cá»§a mÃ¬nh tÃ¢m sá»± vá» nhá»¯ng Ä‘iá»u khÃ´ng dá»… tá» bÃ y. TrÃ¢n trá»ng khi giáº£i Ä‘áº¥u khÃ´ng chá»‰ trá»Ÿ thÃ nh má»™t cÃ¡ch giáº£i tá»a cÄƒng tháº³ng cá»§a ngÆ°á»i hÃ¢m má»™ má»›i, lÃ  nÆ¡i káº¿t ná»‘i giá»¯a 2 tháº¿ há»‡ trong gia Ä‘Ã¬nh, trÆ°á»ng há»c, mÃ  cÃ²n gáº¯n káº¿t khÃ¡n giáº£ vá»›i Ä‘á»‹a phÆ°Æ¡ng mÃ¬nh vÃ  lÃ  nÆ¡i khá»Ÿi Ä‘áº§u Æ°á»›c mÆ¡ cho tháº¿ há»‡ tiáº¿p ná»‘i.

ğŸ”¥Mong ráº±ng VBA sáº½ Ä‘Æ°á»£c láº¯ng nghe nhiá»u tÃ¢m tÆ° vÃ  táº¡o nhiá»u ká»‰ niá»‡m tuyá»‡t vá»i cÃ¹ng NHM hÆ¡n á»Ÿ mÃ¹a giáº£i tiáº¿p theo.

#VBA #VBA2023 #SOTY",2023-11-01 20:00:31,4,3,"{'thÃ­ch': 47, 'yÃªu thÃ­ch': 20}",67,47,0,20,0,0,0,0
638463055165407,"Má»—i Ä‘á»™i má»™t ""cá»±c pháº©m"" Ä‘Ã¢y mÃ , ballers cÃ³ Ä‘ang ngÃ³ng danh sÃ¡ch dÃ n cáº§u thá»§ ""xá»‹n sÃ²"" táº¡i ğ•ğğ‘ğˆğŒğ„ ğŸ‘ğ±ğŸ‘ - CÃšP GIAO Há»®U BÃ“NG Rá»” 3 Äáº¤U 3 VPRIME khÃ´ng nÃ¨?

Äáº·t vÃ© ngay Ä‘á»ƒ Ä‘áº¿n hÃ²a mÃ¬nh cÃ¹ng giáº£i Ä‘áº¥u BÃ“NG Rá»” káº¿t há»£p sá»± kiá»‡n Ã‚M NHáº C GENfest

#VBA #GENfest",2023-11-01 16:51:32,9,6,"{'thÃ­ch': 173, 'yÃªu thÃ­ch': 33, 'haha': 2, 'wow': 12, 'thÆ°Æ¡ng thÆ°Æ¡ng': 1}",221,173,1,33,2,0,12,0
638333838511662,"Náº¿u 4 cáº§u thá»§ nÃ y cá»§a chÃºng ta thi Ä‘áº¥u cÃ¹ng má»™t Ä‘á»™i bÃ³ng táº¡i ğ•ğğ‘ğˆğŒğ„ ğŸ‘ğ±ğŸ‘ - CÃšP GIAO Há»®U BÃ“NG Rá»” 3 Äáº¤U 3 VPRIME diá»…n ra vÃ o ngÃ y 04/11 & 05/11 thÃ¬ sao nhá»‰?

MVP VBA 2023 - Kentrell Barkley ğŸ¤ MVP VBA 2019 - Äinh Thanh TÃ¢m

Äáº·t vÃ© ngay Ä‘á»ƒ Ä‘áº¿n hÃ²a mÃ¬nh cÃ¹ng giáº£i Ä‘áº¥u BÃ“NG Rá»” káº¿t há»£p sá»± kiá»‡n Ã‚M NHáº C GENfest.

#VBA #GENfest",2023-11-01 11:59:02,6,2,"{'thÃ­ch': 133, 'yÃªu thÃ­ch': 41, 'wow': 1, 'thÆ°Æ¡ng thÆ°Æ¡ng': 2}",177,133,2,41,0,0,1,0
637984465213266,"Fabo Nguyá»…n ğ± ğ•ğğ€ chÃ­nh thá»©c má»Ÿ bÃ¡n vÃ© sá»± kiá»‡n ALL -STAR BALL OUT - Sá»± kiá»‡n bÃ³ng rá»• Ä‘áº·c biá»‡t quy tá»¥ 20 KOLs vÃ  cÃ¡c cáº§u thá»§ VBA chuyÃªn nghiá»‡p sáº½ diá»…n ra vÃ o ngÃ y 19/11ğŸ†ğŸ”¥ğŸ€

Tráº­n Ä‘áº¥u Ä‘Æ°á»£c táº¡o ra vá»›i má»¥c Ä‘Ã­ch thiá»‡n nguyá»‡n vÃ  Fabo sáº½ quyÃªn gÃ³p toÃ n bá»™ doanh thu cá»§a tráº­n Ä‘áº¥u.

âœ¨All-Star Ball Out lÃ  tráº­n Ä‘áº¥u bÃ³ng rá»• Ä‘áº§u tiÃªn táº¡i Viá»‡t Nam quy tá»¥ dÃ n member ""siÃªu khá»§ng"" lÃ  nhá»¯ng KOLs/Creators/Rappers vÃ  cáº§u thá»§ VBA ná»•i tiáº¿ng nháº­n Ä‘Æ°á»£c nhiá»u sá»± yÃªu quÃ½ tá»« khÃ¡n giáº£ hÃ¢m má»™.

ğŸ¤BÃªn cáº¡nh nhá»¯ng tráº­n Ä‘áº¥u ""chÃ¡y khÃ©t láº¹t"" thÃ¬ BTC cÃ²n chuáº©n bá»‹ nhá»¯ng tiáº¿t má»¥c trÃ¬nh diá»…n Ã¢m nháº¡c siÃªu hot sáº½ Ä‘Æ°á»£c báº­t mÃ­ trong thá»i gian sáº¯p tá»›i.

ğŸMá»—i háº¡ng vÃ© Ä‘á»u bao gá»“m nhá»¯ng pháº§n quÃ  háº¥p dáº«n mÃ  chÃ­nh tay Fabo chuáº©n bá»‹ Ä‘á»ƒ tri Ã¢n khÃ¡n giáº£ Ä‘Ã£ dÃ nh tÃ¬nh yÃªu cho Fabo cÅ©ng nhÆ° dÃ nh tÃ¬nh yÃªu cho sá»± kiá»‡n láº§n nÃ y.

ğŸ« 3 háº¡ng vÃ© chÃ­nh thá»©c Ä‘Æ°á»£c má»Ÿ bÃ¡n trong ngÃ y hÃ´m nay chÃ­nh lÃ : PREMIUM, VIP, COURTSIDE. HÃ£y nhanh tay Ä‘áº·t gáº¡ch tham dá»± sá»± kiá»‡n Ä‘á»ƒ khÃ´ng bá» lá»¡ khoáº£nh kháº¯c cÃ³ 1-0-2 nÃ y cÃ¹ng vá»›i Fabo nhÃ© ğŸ˜‰

Link mua vÃ©: https://ticket.vba.vn/

HÃ£y cÃ¹ng Fabo thá»­ Ä‘oÃ¡n xem sáº½ cÃ³ nhÃ¢n váº­t nÃ o xuáº¥t hiá»‡n táº¡i All-Star Ball Out á»Ÿ dÆ°á»›i pháº§n bÃ¬nh luáº­n cÃ¡c báº¡n nhÃ©! ğŸ¤˜

Háº¹n gáº·p láº¡i má»i ngÆ°á»i vÃ o ngÃ y 19/11 táº¡i NhÃ  thi Ä‘áº¥u Há»“ XuÃ¢n HÆ°Æ¡ng - 2 Há»“ XuÃ¢n HÆ°Æ¡ng, PhÆ°á»ng 6, Quáº­n 3, ThÃ nh phá»‘ Há»“ ChÃ­ Minh â¤

See ya!! ğŸ«¶ğŸ‘‹

#VBA #allstarsballout #ctrlf #fabonguyen #fabo",2023-10-31 19:00:13,3,10,"{'thÃ­ch': 104, 'yÃªu thÃ­ch': 16, 'wow': 2, 'thÆ°Æ¡ng thÆ°Æ¡ng': 1}",123,104,1,16,0,0,2,0
637880188557027,"|ğ— ğ—œğ—¡ğ—œğ—šğ—”ğ— ğ—˜| TRáº¢ Lá»œI ÄÃšNG, NHáº¬N NGAY Cáº¶P VÃ‰ THAM GIA Sá»° KIá»†N GENfest ğŸğŸ

ğŸ”¥Sáºµn sÃ ng â€œQUáº¨Y"" cá»±c sung táº¡i sá»± kiá»‡n GENfest vÃ  cá»• vÅ© háº¿t mÃ¬nh cho cÃ¡c Ä‘á»™i bÃ³ng mÃ  báº¡n yÃªu thÃ­ch táº¡i Giáº£i Ä‘áº¥u bÃ³ng rá»• VPRIME 3x3 trong 2 ngÃ y cuá»‘i tuáº§n sáº¯p tá»›iâ€¼â€¼

âœ¨THAM GIA NGAY MINIGAME, Vá»šI 3 BÆ¯á»šC ÄÆ N GIáº¢N:

ğŸ€BÆ°á»›c 1: Like + Share bÃ i viáº¿t á»Ÿ cháº¿ Ä‘á»™ cÃ´ng khai
ğŸ€BÆ°á»›c 2: BÃ¬nh luáº­n Ä‘Ã¡p Ã¡n + 1 con sá»‘ may máº¯n báº¥t kÃ¬ (0-999) + Tag 3 ngÆ°á»i báº¡n cÃ¹ng tham gia Ä‘á»ƒ tÄƒng cÆ¡ há»™i trÃºng giáº£i
ğŸ€BÆ°á»›c 3: Truy cáº­p link https://bit.ly/VPRIME3X32023, Ä‘iá»n thÃ´ng tin cá»§a báº¡n vÃ  báº¡n Ä‘i cÃ¹ng Ä‘á»ƒ cÃ³ cÆ¡ há»™i nháº­n vÃ©.
-\-\-\-\-
âœ¨25 Báº N MAY Máº®N NHáº¤T Sáº¼ NHáº¬N ÄÆ¯á»¢C 1 Cáº¶P VÃ‰ VÃ€ ÄÆ¯á»¢C THAM GIA Táº¤T Cáº¢ CÃC HOáº T Äá»˜NG Tá»ª SÃNG Äáº¾N Tá»I TRONG NGÃ€Y 4/11/2023 HOáº¶C NGÃ€Y 5/11/2023 Táº I Sá»° KIá»†N GENfestğŸ‰

âŒLÆ°u Ã½:
- NgÆ°á»i chÆ¡i pháº£i lÃ m Ä‘á»§ cÃ¡c bÆ°á»›c vÃ  thÃ´ng tin Ä‘iá»n vÃ o link pháº£i Ä‘áº£m báº£o tÃ­nh chÃ­nh xÃ¡c vÃ¬ Ä‘Ã¢y sáº½ lÃ  cÄƒn cá»© Ä‘á»ƒ Ban tá»• chá»©c gá»­i vÃ©. VBA sáº½ chá»n ngáº«u nhiÃªn 25 sá»‘ may máº¯n tháº¯ng giáº£i tá»« quay sá»‘ trÃªn website https://random.com.vn/. TrÆ°á»ng há»£p trÃ¹ng sá»‘, báº¡n cÃ³ cÃ¢u tráº£ lá»i sá»›m nháº¥t sáº½ Ä‘Æ°á»£c chá»n. TrÆ°á»ng há»£p khÃ´ng cÃ³ sá»‘ trÃ¹ng, cÃ¢u tráº£ lá»i vá»›i con sá»‘ gáº§n Ä‘Ãºng nháº¥t sáº½ Ä‘Æ°á»£c chá»n.
- Má»—i vÃ© chá»‰ Ä‘Æ°á»£c tham dá»± sá»± kiá»‡n vÃ o ngÃ y 4/11/2023 hoáº·c ngÃ y 5/11/2023.
- Má»—i email sáº½ chá»‰ nháº­n Ä‘Æ°á»£c 1 vÃ© duy nháº¥t. TrÆ°á»ng há»£p cÃ³ trÃ¹ng email thÃ¬ sáº½ chá»‰ nháº­n Ä‘Æ°á»£c 1 vÃ© tá»« Ban tá»• chá»©c.
- Quyáº¿t Ä‘á»‹nh cao nháº¥t thuá»™c vá» Ban tá»• chá»©c.
- Thá»i gian diá»…n ra Minigame tá»« ngÃ y 31.10.2023, káº¿t thÃºc 00h ngÃ y 02.11.2023 .

ğŸ“©VÃ‰ Sáº¼ ÄÆ¯á»¢C Gá»¬I TRá»°C TIáº¾P Vá»€ EMAIL Cá»¦A CÃC Báº N TRÃšNG GIáº¢I TRÆ¯á»šC 17H00 NGÃ€Y 03.11.2023
â°Háº¹n gáº·p láº¡i táº¥t cáº£ cÃ¡c báº¡n táº¡i sá»± kiá»‡n GENfest nhÃ©â€¼ï¸

#GENfest #WeFlexing #MMUSIC #DIFESTSAOCHOBEST #ShineOnDay #VBA #VUG",2023-10-31 15:01:56,262,194,"{'thÃ­ch': 202, 'yÃªu thÃ­ch': 18, 'wow': 1, 'thÆ°Æ¡ng thÆ°Æ¡ng': 1}",222,202,1,18,0,0,1,0
637784688566577,"VPrime 3x3 Cup - TEAMS ğŸ€ğŸ§ğŸ†

HÃ²a chung nhiá»‡t Ä‘á»™ ""cá»±c HOT"" cá»§a sá»± kiá»‡n Ã¢m nháº¡c GENfest , VBA gá»­i Ä‘áº¿n ballers danh sÃ¡ch 8 Ä‘á»™i bÃ³ng trong khu vá»±c tranh tÃ i táº¡i CÃšP GIAO Há»®U BÃ“NG Rá»” 3 Äáº¤U 3 VPRIME. Danh sÃ¡ch cáº§u thá»§ sáº½ lÃ  mÃ n trá»Ÿ láº¡i cá»§a má»™t sá»‘ gÆ°Æ¡ng máº·t cá»±c kÃ¬ quen thuá»™c Ä‘áº¥y nhÃ©. Are you ready!?

#VBA #GENfest",2023-10-31 11:56:05,13,35,"{'thÃ­ch': 170, 'yÃªu thÃ­ch': 50, 'haha': 1, 'wow': 2, 'thÆ°Æ¡ng thÆ°Æ¡ng': 3}",226,170,3,50,1,0,2,0
637377411940638,"TrÃªn cÃ¹ng má»™t sÃ¢n Ä‘áº¥u táº¡i GENfest, VPRIME 3x3 International Cup chÆ°a pháº£i lÃ  tráº­n Ä‘áº¥u duy nháº¥t, chÃºng ta sáº½ cÃ²n chá»©ng kiáº¿n giáº£i Dance Battle ká»· niá»‡m 10 nÄƒm VUG - Vietnam University Games Ä‘á»“ng hÃ nh cÃ¹ng sinhXem thÃªm viÃªn Viá»‡t Nam, chÃ o Ä‘Ã³n cÃ¡c Ä‘á»™i thi vÃ  dÃ n BGK hot nháº¥t sáº½ Ä‘Æ°á»£c tiáº¿t lá»™ sá»›m thuiii. ğŸ™Œ

Tiáº¿p sá»©c vÃ  tÄƒng sá»©c nÃ³ng cho nhá»¯ng tráº­n Ä‘áº¥u cÄƒng Ä‘Ã©t cÃ²n lÃ  nhá»¯ng mÃ n biá»ƒu diá»…n Cheerleading nÃ©t cÄƒng cá»±c tá»« cÃ¡c Ä‘á»™i RMIT Saigon Dance Club, Warriors Cheerleading Team vÃ  Blue Sharks Team THPT MaÌ£c ÄiÌƒnh Chi Cheerleading. ğŸ¤¸ğŸ¤¸â€â™€ï¸

Mua vÃ© ngay Ä‘á»ƒ Ä‘á»«ng bá» lá»¡ giáº£i Ä‘áº¥u Ä‘áº·c biá»‡t nÃ y cá»§a VBA, VUG vÃ  cÃ¡c CLB Cheerleading nhÃ©! Hoáº¡t Ä‘á»™ng náº±m trong chuá»—i chÆ°Æ¡ng trÃ¬nh buá»•i sÃ¡ng â˜€ï¸ SHINE ON DAY tá»« 9h Ä‘áº¿n 16h.

#GENfest #WeFlexing #MMUSIC #DIFESTSAOCHOBEST #ShineOnDay #VBA #VUG",2023-10-30 19:29:03,1,0,"{'thÃ­ch': 15, 'yÃªu thÃ­ch': 4}",19,15,0,4,0,0,0,0
635644442113935,"ğ•ğğ‘ğˆğŒğ„ ğŸ‘ğ±ğŸ‘ ğˆğğ“ğ„ğ‘ğğ€ğ“ğˆğğğ€ğ‹ ğ‚ğ”ğ - CÃšP GIAO Há»®U BÃ“NG Rá»” 3 Äáº¤U 3 VPRIME ğŸ†ğŸ§ğŸ€

VPRIME 3x3 International Cup sáº½ cÃ³ 8 Ä‘á»™i bÃ³ng nam tham dá»± tá»« 5 quá»‘c gia bao gá»“m: Viá»‡t Nam - Philippines - Nháº­t Báº£n - ThÃ¡i Lan - Malaysia.Xem thÃªm MÃ n cáº¡nh tranh náº£y lá»­a cá»§a cÃ¡c cáº§u thá»§ há»©a háº¹n sáº½ tiáº¿p thÃªm nhiá»‡t cho sá»± kiá»‡n Ã¢m nháº¡c GENfest táº¡i The Global City diá»…n ra vÃ o ngÃ y 04/11-05/11 sáº¯p tá»›i Ä‘Ã¢y.

#VBA #GENfest",2023-10-27 17:11:01,0,3,"{'thÃ­ch': 94, 'yÃªu thÃ­ch': 35, 'thÆ°Æ¡ng thÆ°Æ¡ng': 2}",131,94,2,35,0,0,0,0
635156755496037,"ğ•ğğ‘ğˆğŒğ„ ğŸ‘ğ±ğŸ‘ ğˆğğ“ğ„ğ‘ğğ€ğ“ğˆğğğ€ğ‹ ğ‚ğ”ğ - CÃšP GIAO Há»®U QUá»C Táº¾ 3 Äáº¤U 3 VPRIME ğŸ†ğŸ§ğŸ€

#VBA #GENfest",2023-10-26 20:03:44,2,0,"{'thÃ­ch': 37, 'yÃªu thÃ­ch': 15, 'thÆ°Æ¡ng thÆ°Æ¡ng': 1}",53,37,1,15,0,0,0,0
634974892180890,"Báº­t luÃ´n cÃ´ng táº¯c ""THÃ”NG BÃO"" cho ğ•ğğ‘ğˆğŒğ„ ğŸ‘ğ±ğŸ‘ ğˆğğ“ğ„ğ‘ğğ€ğ“ğˆğğğ€ğ‹ ğ‚ğ”ğ ğŸ†ğŸ§ğŸ€

MÃª cÃ¡i cÃ¡ch GENfest chiá»u lÃ²ng ballers khi cÃ¹ng VBA mang Ä‘áº¿n giáº£i Ä‘áº¥u VPRIME 3x3 International Cup vá»›i sá»± tham dá»± cá»§a cÃ¡c Ä‘á»™i bÃ³ng quá»‘c táº¿Xem thÃªm trong lá»… há»™i Ã¢m nháº¡c Ä‘a giÃ¡c quan Ä‘Ã¡ng mong chá» nháº¥t thÃ¡ng 11.

VBA cÃ¹ng Genfest Ä‘Ã£ chuáº©n bá»‹ ráº¥t nhiá»u Ä‘iá»u báº¥t ngá» dÃ nh cho cÃ¡c ballers Ä‘Ã¢y!

Báº­t mÃ­ nho nhá» lÃ  chÃºng ta sáº½ cÃ³ sá»± trá»Ÿ láº¡i cá»§a ""K.B""",2023-10-26 12:29:02,3,1,"{'thÃ­ch': 35, 'yÃªu thÃ­ch': 17, 'thÆ°Æ¡ng thÆ°Æ¡ng': 2}",54,35,2,17,0,0,0,0
633219799023066,"ğŸ—ğŸ'ğ¬

#VBA #VBA2023",2023-10-23 11:50:25,1,2,"{'thÃ­ch': 332, 'yÃªu thÃ­ch': 43, 'haha': 110}",485,332,0,43,110,0,0,0
632834739061572,"CÃ¹ng Ä‘iá»ƒm qua nhá»¯ng chá»‰ sá»‘ â€œKHá»¦NGâ€ nháº¥t trong má»™t tráº­n Ä‘áº¥u mÃ¹a giáº£i VBA 2023.

Kentrell Barkley (51 PTS) vÃ  Madarious Gibbs (16 AST) cháº¯c cháº¯n cÃ²n Ä‘Æ°á»£c nháº¯c Ä‘áº¿n ráº¥t nhiá»u khi Ä‘Ã¢y lÃ  chá»‰ sá»‘ cao nháº¥t trong lá»‹ch sá»­ giáº£i Ä‘áº¥u.

#VBA #VBA2023",2023-10-22 20:01:59,0,7,"{'thÃ­ch': 155, 'yÃªu thÃ­ch': 44, 'wow': 1, 'thÆ°Æ¡ng thÆ°Æ¡ng': 1}",201,155,1,44,0,0,1,0
631811442497235,"|ğ†ğ¢ğšÌ‰ğ¢ ğ­ğ¡ğ®Ì›ğ¨Ì›Ì‰ğ§ğ | Cuá»™c thi Story of the year - CÃ¢u chuyá»‡n cá»§a nÄƒm

ğŸ‰Äá»ƒ vÃ²ng 2 thÃªm sÃ´i Ä‘á»™ng, VBA hÃ© lá»™ giáº£i thÆ°á»Ÿng trá»‹ giÃ¡ ğŸ‘,ğŸ—ğŸğŸ,ğŸğŸğŸÄ‘ cá»§a cuá»™c thi Story of the year gá»“m:

- 1 combo chÄƒm sÃ³c tÃ³c Cao Lá»ng NhÃ¢n SÃ¢mXem thÃªm Äá» - 2,143k
- 1 trÃ¡i banh VBA Graffiti - 550k
- 1 há»™p 12 thanh protein PLAY vá»‹ bÆ¡ Ä‘áº­u phá»™ng - 540k
- 4 vÃ© xem phim BHD - 400k
- 2 há»™p thanh háº¡t dinh dÆ°á»¡ng PLAY Natural & Healthy vá»‹ náº¥m hÆ°Æ¡ng - 198k
- 1 Ä‘Ã´i vá»› Anta - 89k

VBA xin cáº£m Æ¡n pháº§n quÃ  tá»« cÃ¡c nhÃ  tÃ i trá»£ Ä‘á»“ng hÃ nh:

- Cao Lá»ng NhÃ¢n SÃ¢m Äá»
- ANTA Sports Vietnam
- PLAY NUTRITION
- Bhdstar Cineplex

ğŸChá»‰ cÃ²n 5 ngÃ y ná»¯a sáº½ káº¿t thÃºc bÃ¬nh chá»n. 3 bÃ i dá»± thi nháº­n Ä‘Æ°á»£c nhiá»u Ä‘iá»ƒm nháº¥t trÃªn tá»•ng Facebook vÃ  Instagram sáº½ Ä‘á»“ng Ä‘oáº¡t giáº£i Story of the year - CÃ¢u chuyá»‡n cá»§a nÄƒm vÃ  nháº­n pháº§n quÃ  trÃªn.

ğŸ”¥CÃ¹ng á»§ng há»™ cho cÃ¢u chuyá»‡n mÃ¬nh yÃªu thÃ­ch nhÃ© cÃ¡c Ballers Æ¡i!

#VBA #VBA2023 #soty",2023-10-20 20:01:22,0,0,"{'thÃ­ch': 29, 'yÃªu thÃ­ch': 11, 'thÆ°Æ¡ng thÆ°Æ¡ng': 1}",41,29,1,11,0,0,0,0
631640389181007,"ğ‡ğ€ğğğ˜ ğ•ğˆğ„ğ“ğğ€ğŒğ„ğ’ğ„ ğ–ğğŒğ„ğ'ğ’ ğƒğ€ğ˜ ğŸ®ğŸ¬/ğŸ­ğŸ¬ - ChÃºc má»«ng ngÃ y Phá»¥ ná»¯ Viá»‡t Nam ğŸ‘©â€â¤ï¸â€ğŸ’‹â€ğŸ‘©

NhÃ¢n ngÃ y quá»‘c táº¿ phá»¥ ná»¯, VBA xin dÃ nh ngÃ n lá»i chÃºc háº¡nh phÃºc Ä‘áº¿n ná»­a kia cá»§a tháº¿ giá»›i.

#VBA #VBA2023",2023-10-20 12:33:02,0,1,"{'thÃ­ch': 41, 'yÃªu thÃ­ch': 22}",63,41,0,22,0,0,0,0
630539605957752,"|ğ‚ğ®ğ¨Ì£Ì‚ğœ ğ­ğ¡ğ¢| Story of the year - CÃ¢u chuyá»‡n cá»§a nÄƒm

ğŸ«° VÃ²ng 2: Tá»« ngÃ y 18/10/2023 - ğŸğŸ‘ğ¡ğŸ“ğŸ— ğ§ğ ğšÌ€ğ² ğŸğŸ’/ğŸğŸ/ğŸğŸğŸğŸ‘

Trong nÄƒm Ä‘áº§u tá»• chá»©c, VBA ráº¥t vui khi nháº­n Ä‘Æ°á»£c sá»± tham gia tÃ­ch cá»±c tá»« ngÆ°á»i hÃ¢m má»™ táº¡i vÃ²ng 1. Má»—i cÃ¢u chuyá»‡n Ä‘á»u lÃ  má»™t gÃ³c nhÃ¬n thÃº vá»‹ vÃ  tÃ¬nh cáº£m chÃ¢n thÃ nh cá»§a khÃ¡n giáº£ Ä‘á»‘i vá»›i trÃ¡i bÃ³ng cam, cáº§u thá»§, cÃ¡c CLB vÃ  VBA. VBA xin cáº£m Æ¡n cÃ¡c ballers Ä‘Ã£ lÃ  má»™t pháº§n cá»§a mÃ¹a giáº£i vÃ  cho VBA trá»Ÿ thÃ nh má»™t pháº§n ká»‰ niá»‡m Ä‘áº¹p cá»§a mÃ¬nh.

Sau nhiá»u cÃ¢n nháº¯c cÃ¹ng tháº£o luáº­n, VBA chÃºc má»«ng 5 bÃ i dá»± thi sáº½ tiáº¿p tá»¥c bÆ°á»›c vÃ o vÃ²ng 2 cá»§a cuá»™c thi, gá»“m bÃ i thuá»™c cÃ¡c tÃ¡c giáº£:

- HQ
- Jordan2509
- An Kiá»u
- BChau
- Rocky

VÃ²ng 2 cuá»™c thi chÃ­nh thá»©c báº¯t Ä‘áº§u tá»« ngÃ y 18/10/2023 - ğŸğŸ‘ğ¡ğŸ“ğŸ— ğ§ğ ğšÌ€ğ² ğŸğŸ’/ğŸğŸ/ğŸğŸğŸğŸ‘. KhÃ¡n giáº£ sáº½ bÃ¬nh chá»n báº±ng cÃ¡ch reaction, comment vÃ  share (Ä‘á»ƒ cháº¿ Ä‘á»™ cÃ´ng khai) vÃ o bÃ i dá»± thi mÃ¬nh yÃªu thÃ­ch á»Ÿ post nÃ y. Vá»›i Instagram, khÃ¡n giáº£ bÃ¬nh chá»n báº±ng cÃ¡ch comment tÃªn tÃ¡c giáº£ cá»§a bÃ i thi mÃ¬nh yÃªu thÃ­ch. 3 bÃ i dá»± thi nháº­n Ä‘Æ°á»£c nhiá»u Ä‘iá»ƒm nháº¥t trÃªn tá»•ng Facebook vÃ  Instagram sáº½ Ä‘oáº¡t giáº£i Story of the year - CÃ¢u chuyá»‡n cá»§a nÄƒm. CÃ¡ch tÃ­nh Ä‘iá»ƒm:
+ 1 reaction (like, tháº£ tim,...) = 1 Ä‘iá»ƒm
+ 1 share hoáº·c 1 comment = 2 Ä‘iá»ƒm

ğŸMá»—i ngÆ°á»i chiáº¿n tháº¯ng sáº½ nháº­n Ä‘Æ°á»£c 1 pháº§n quÃ  trá»‹ giÃ¡ ğ¡ğ¨Ì›ğ§ ğŸ‘,ğŸğŸğŸ,ğŸğŸğŸÄ‘ tá»« VBA. CÃ¹ng bÃ¬nh chá»n cho cÃ¢u chuyá»‡n mÃ¬nh yÃªu thÃ­ch nhÃ© cÃ¡c Ballers Æ¡i!

#VBA #VBA2023 #SOTY",2023-10-18 20:01:33,9,44,"{'thÃ­ch': 87, 'yÃªu thÃ­ch': 31}",118,87,0,31,0,0,0,0
629760302702349,"Giáº£i BÃ³ng Rá»• Sinh ViÃªn ToÃ n Quá»‘c - NUC 2023 chÃ­nh thá»©c khá»Ÿi tranh táº¡i Khu vá»±c 3

TP. Há»“ ChÃ­ Minh, ngÃ y 16/10/2023 â€“ Lá»… Khai máº¡c Giáº£i BÃ³ng rá»• Sinh viÃªn ToÃ n quá»‘c â€“ NUC 2023 - Khu vá»±c 3 Ä‘Æ°á»£c long trá»ng tá»• chá»©c táº¡i NhÃ  thi Ä‘áº¥u TrÆ°á»ng Äáº¡i há»c TÃ´n Äá»©c Tháº¯ng.

Tiáº¿p ná»‘i thÃ nh cÃ´ng cá»§a mÃ¹a giáº£i Ä‘áº§u tiÃªn, Giáº£i BÃ³ng rá»• Sinh viÃªn ToÃ n quá»‘c NUC 2023 Ä‘Ã£ trá»Ÿ láº¡i vÃ  nháº­n Ä‘Æ°á»£c sá»± quan tÃ¢m, á»§ng há»™ cá»§a cÃ¡c trÆ°á»ng Ä‘áº¡i há»c, cao Ä‘áº³ng, há»c viá»‡n kháº¯p cáº£ nÆ°á»›c.

Vá»›i sá»± tham gia cá»§a gáº§n 140 Ä‘á»™i bÃ³ng vÃ  hÆ¡n 1600 váº­n Ä‘á»™ng viÃªn cÃ¹ng tranh tÃ i cho ngÃ´i vá»‹ cao nháº¥t, tÄƒng hÆ¡n 35% sá»‘ lÆ°á»£ng Ä‘á»™i tham dá»± so vá»›i mÃ¹a giáº£i trÆ°á»›c, NUC 2023 tiáº¿p tá»¥c trá»Ÿ thÃ nh giáº£i thá»ƒ thao sinh viÃªn cÃ³ nhiá»u Ä‘á»™i bÃ³ng tham dá»± nháº¥t toÃ n quá»‘c tÃ­nh Ä‘áº¿n thá»i Ä‘iá»ƒm hiá»‡n táº¡i. ÄÃ¢y lÃ  tÃ­n hiá»‡u Ä‘Ã¡ng ghi nháº­n thá»ƒ hiá»‡n sá»± phÃ¡t triá»ƒn cá»§a phong trÃ o thá»ƒ thao há»c sinh sinh viÃªn nÃ³i riÃªng, cÅ©ng nhÆ° tÃ¬nh yÃªu bÃ³ng rá»• Ä‘ang Ä‘Æ°á»£c lan tá»a sÃ¢u rá»™ng.

Giáº£i BÃ³ng rá»• Sinh viÃªn ToÃ n quá»‘c â€“ National University Championship Basketball (Gá»i táº¯t lÃ  NUC) Ä‘Æ°á»£c Vá»¥ GiÃ¡o dá»¥c thá»ƒ cháº¥t - Bá»™ GiÃ¡o dá»¥c vÃ  ÄÃ o táº¡o cÃ¹ng CÃ´ng ty Cá»• pháº§n Thá»ƒ thao Giáº£i trÃ­ Max Sports (MSE) vÃ  CÃ´ng ty Cá»• pháº§n ThÆ°Æ¡ng Máº¡i vÃ  Ná»™i Dung Sá»‘ Viá»‡t (Vietcontent) phá»‘i há»£p tá»• chá»©c, thá»±c hiá»‡n vá»›i má»¥c Ä‘Ã­ch mang Ä‘áº¿n má»™t giáº£i Ä‘áº¥u bÃ³ng rá»• chuyÃªn nghiá»‡p dÃ nh cho sinh viÃªn táº¡o sÃ¢n chÆ¡i thá»ƒ thao lÃ nh máº¡nh, thÃºc Ä‘áº©y phong trÃ o bÃ³ng rá»•, nuÃ´i dÆ°á»¡ng Ä‘am mÃª vÃ  phÃ¡t hiá»‡n nhá»¯ng tÃ i nÄƒng bÃ³ng rá»• sinh viÃªn, Ä‘Ã³ng gÃ³p nhÃ¢n tá»‘ phÃ¡t triá»ƒn bÃ³ng rá»• cá»™ng Ä‘á»“ng vÃ  tiáº¿n xa hÆ¡n Ä‘áº¿n con Ä‘Æ°á»ng thi Ä‘áº¥u chuyÃªn nghiá»‡p.

#NUC #NUC2023 #nationaluniversitychampionship #bongrosinhvientoanquoc",2023-10-17 12:05:57,9,1,"{'thÃ­ch': 203, 'yÃªu thÃ­ch': 56, 'wow': 1, 'thÆ°Æ¡ng thÆ°Æ¡ng': 1}",261,203,1,56,0,0,1,0
629414769403569,"VBA 2023 l Most Valuable Player (MVP): Kentrell Barkley - Saigon Heat

#VBA #VBAAwards2023 #Petrolimex",2023-10-16 21:01:21,5,0,"{'thÃ­ch': 129, 'yÃªu thÃ­ch': 42}",171,129,0,42,0,0,0,0
628557726155940,"ğŸŒŸHÃ¬nh áº£nh tá»« buá»•i lá»… VBA AWARDS 2023 diá»…n ra vÃ o 13.10.2023. ğŸŒŸ
#VBA #VBAAwards2023 #Petrolimex",2023-10-15 12:00:42,2,2,"{'thÃ­ch': 261, 'yÃªu thÃ­ch': 74, 'thÆ°Æ¡ng thÆ°Æ¡ng': 1}",336,261,1,74,0,0,0,0
628179229527123,"GENfest x VBA chÃ­nh thá»©c giá»›i thiá»‡u GIáº¢I BÃ“NG Rá»” VPRIME 3x3 INTERNATIONAL CUP ğŸ†ğŸ”¥ğŸ€

Cháº¯c cÃ¡c báº¡n sáº½ vÃ´ cÃ¹ng báº¥t ngá» nhÆ°ng táº¡i Cá»•ng Ã‚m Nháº¡c Äa GiÃ¡c Quan GenFEST thÃ¬ khÃ´ng gÃ¬ khÃ´ng thá»ƒ, khi Thá»ƒ Thao vÃ  Ã‚m Nháº¡cXem thÃªm cÃ¹ng Ä‘Æ°á»£c diá»…n ra trong má»™t khuÃ´n khá»• chÆ°Æ¡ng trÃ¬nh Music Festival. ğŸ¤˜

GIáº¢I BÃ“NG Rá»” VPRIME 3x3 INTERNATIONAL CUP Ä‘Æ°á»£c chá»©ng nháº­n bá»Ÿi FIBA vá»›i sá»± gÃ³p máº·t cá»§a 8 Ä‘á»™i bÃ³ng chuyÃªn nghiá»‡p, thi Ä‘áº¥u theo thá»ƒ thá»©c chuáº©n, trong khung giá» SHINE ON DAY 9h - 17h cá»§a GENfest láº§n Ä‘áº§u tiÃªn. â›¹ï¸â€â™‚ï¸â›¹ï¸â€â™€ï¸

Nhanh tay bÃ¬nh luáº­n Ä‘á»™i bÃ³ng mÃ  báº¡n muá»‘n cÃ³ sá»± gÃ³p máº·t táº¡i GENfest ngay nhÃ©!!! Biáº¿t Ä‘Ã¢u chÃºng mÃ¬nh cÃ³ thá»ƒ tá»• chá»©c thÃªm fan meeting vÃ  workshop vá»›i cÃ¡c cáº§u thá»§ mÃ  báº¡n mong ngÃ³ng. ğŸ¤˜

ğŸ« Äá»«ng quÃªn ráº±ng chÃºng ta cÃ³ háº¹n Ä‘á»£t má»Ÿ bÃ¡n vÃ© dÃ nh cho cÃ¡c táº¥t cáº£ khÃ¡n giáº£ yÃªu máº¿n bÃ³ng rá»•, Ã¢m nháº¡c vá»›i Æ°u Ä‘Ã£i 10% tá»« ngÃ y mai 15/10 báº¡n nhÃ©. ğŸ˜‰

Link: https://ticketbox.vn/event/genfest-88404

Háº¹n gáº·p láº¡i má»i ngÆ°á»i vÃ o ngÃ y 4-5/11 táº¡i Trung tÃ¢m má»›i The Global City, TPHCM.

See ya!! ğŸ«¶ğŸ‘‹

#GENfest #WeFlexing #MMUSIC #TheGlobalCity #MasteriseHomes #LifebuoyChÆ°aLifebuoyÄi #VBA #VPrime3x3",2023-10-14 23:25:05,13,3,"{'thÃ­ch': 105, 'yÃªu thÃ­ch': 38, 'wow': 1, 'thÆ°Æ¡ng thÆ°Æ¡ng': 1}",145,105,1,38,0,0,1,0
627391522939227,"ğŸ… Most Valuable Player - Váº­n Ä‘á»™ng viÃªn xuáº¥t sáº¯c nháº¥t: Kentrell Barkley (Saigon Heat) ğŸ…

#VBA #VBAAwards2023 #Petrolimex",2023-10-13 17:25:39,8,1,"{'thÃ­ch': 153, 'yÃªu thÃ­ch': 77, 'thÆ°Æ¡ng thÆ°Æ¡ng': 4}",234,153,4,77,0,0,0,0
627390202939359,"ğŸ… Heritage player of the year - Váº­n Ä‘á»™ng viÃªn gá»‘c Viá»‡t xuáº¥t sáº¯c: Dominique Tham (Nha Trang Dolphins) ğŸ…

#VBA #VBAAwards2023 #Petrolimex",2023-10-13 17:22:16,22,8,"{'thÃ­ch': 384, 'yÃªu thÃ­ch': 171, 'haha': 1, 'thÆ°Æ¡ng thÆ°Æ¡ng': 8}",564,384,8,171,1,0,0,0
627388396272873,"ğŸ… Local player of the year - Váº­n Ä‘á»™ng viÃªn ná»™i binh xuáº¥t sáº¯c: Nguyá»…n Huá»³nh PhÃº Vinh (Saigon Heat) ğŸ…

#VBA #VBAAwards2023 #Petrolimex",2023-10-13 17:17:24,12,3,"{'thÃ­ch': 343, 'yÃªu thÃ­ch': 171, 'thÆ°Æ¡ng thÆ°Æ¡ng': 7}",521,343,7,171,0,0,0,0
627380349607011,"ğŸ… Coach of the year - Huáº¥n luyá»‡n viÃªn cá»§a nÄƒm: Matthew Van Pelt (Saigon Heat) ğŸ…

#VBA #VBAAwards2023 #Petrolimex",2023-10-13 16:58:13,5,3,"{'thÃ­ch': 182, 'yÃªu thÃ­ch': 81, 'haha': 1, 'wow': 1, 'thÆ°Æ¡ng thÆ°Æ¡ng': 4}",269,182,4,81,1,0,1,0
627380006273712,"ğŸ… Sixth Man of The Year - Váº­n Ä‘á»™ng viÃªn dá»± bá»‹ xuáº¥t sáº¯c: SÆ¡n Minh TÃ¢m (Nha Trang Dolphins) ğŸ…

#VBA #VBAAwards2023 #Petrolimex",2023-10-13 16:57:40,7,3,"{'thÃ­ch': 304, 'yÃªu thÃ­ch': 98, 'thÆ°Æ¡ng thÆ°Æ¡ng': 3}",405,304,3,98,0,0,0,0
627375816274131,"ğŸ… Defensive player of the year - Váº­n Ä‘á»™ng viÃªn phÃ²ng thá»§ xuáº¥t sáº¯c: John Fields III (Thang Long Warriors by PJICO) ğŸ…

#VBA #VBAAwards2023 #Petrolimex",2023-10-13 16:47:15,3,2,"{'thÃ­ch': 147, 'yÃªu thÃ­ch': 53, 'thÆ°Æ¡ng thÆ°Æ¡ng': 3}",203,147,3,53,0,0,0,0
627372686274444,"ğŸ…Most Improved Player - Váº­n Ä‘á»™ng viÃªn tiáº¿n bá»™ nháº¥t: Tráº§n VÄƒn Trung (Ho Chi Minh City Wings) ğŸ…

#VBA #VBAAwards2023 #Petrolimex",2023-10-13 16:41:08,6,8,"{'thÃ­ch': 153, 'yÃªu thÃ­ch': 64, 'thÆ°Æ¡ng thÆ°Æ¡ng': 1}",218,153,1,64,0,0,0,0
627369376274775,"ğŸ… Rookie of the Year - Váº­n Ä‘á»™ng viÃªn tráº» xuáº¥t sáº¯c: Nguyá»…n HoÃ ng PhÃºc (Nha Trang Dolphins) ğŸ…

#VBA #VBAAwards2023 #Petrolimex",2023-10-13 16:33:38,10,5,"{'thÃ­ch': 220, 'yÃªu thÃ­ch': 126, 'thÆ°Æ¡ng thÆ°Æ¡ng': 6}",352,220,6,126,0,0,0,0
627365639608482,"ğŸ… Favourite Player of the year - Váº­n Ä‘á»™ng viÃªn Ä‘Æ°á»£c yÃªu thÃ­ch nháº¥t - VÃµ Kim Báº£n (Saigon Heat) ğŸ…

#VBA #VBAAwards2023 #Petrolimex",2023-10-13 16:24:25,42,10,"{'thÃ­ch': 482, 'yÃªu thÃ­ch': 239, 'haha': 1, 'thÆ°Æ¡ng thÆ°Æ¡ng': 6, 'buá»“n': 2}",730,482,6,239,1,2,0,0
627363692942010,"ğŸ… Dunk of the year - Pha Ãºp rá»• cá»§a nÄƒm | Basket of the year - Pha ghi Ä‘iá»ƒm cá»§a nÄƒm: Kentrell Barkley (Saigon Heat) ğŸ…

#VBA #VBAAwards2023 #Petrolimex",2023-10-13 16:19:38,3,1,"{'thÃ­ch': 128, 'yÃªu thÃ­ch': 68, 'thÆ°Æ¡ng thÆ°Æ¡ng': 4}",200,128,4,68,0,0,0,0
627363056275407,"ğŸ… Block of the Year - Pha cáº£n bÃ³ng cá»§a nÄƒm: Madarious Gibbs (Nha Trang Dolphins) ğŸ…

#VBA #VBAAwards2023 #Petrolimex",2023-10-13 16:18:28,22,4,"{'thÃ­ch': 394, 'yÃªu thÃ­ch': 114, 'haha': 35, 'wow': 1, 'thÆ°Æ¡ng thÆ°Æ¡ng': 7}",551,394,7,114,35,0,1,0
650901610507041,"ğŸ”´ Livestream VBA AWARDS 2023 - MOMENT OF GLORY
#OnSports #OnPlus #VTVcab",2023-10-13 15:33:16,32,8,"{'thÃ­ch': 62, 'yÃªu thÃ­ch': 38, 'haha': 1, 'thÆ°Æ¡ng thÆ°Æ¡ng': 2}",103,62,2,38,1,0,0,0
627179312960448,"âœ¨ ğ•ğğ€ ğ€ğ–ğ€ğ‘ğƒğ’ ğŸğŸğŸğŸ‘ - MOMENT OF GLORY âœ¨ ğŸ†8 Giáº£i thÆ°á»Ÿng do Ban Cá»‘ váº¥n ChuyÃªn mÃ´n bÃ¬nh chá»n vÃ  4 giáº£i thÆ°á»Ÿng do cÃ´ng chÃºng vÃ  Ban Cá»‘ váº¥n Truyá»n thÃ´ng bÃ¬nh chá»n sáº½ gá»i tÃªn cáº§u thá»§ nÃ o? CÃ¹ng theo dÃµi káº¿t quáº£ trong buá»•i trao giáº£i VBA AWARDS 2023 diá»…n ra vÃ o 15h00, 13/10/2023.
#VBA #VBAAwards2023 #Petrolimex",2023-10-13 09:00:12,0,2,"{'thÃ­ch': 50, 'yÃªu thÃ­ch': 19}",69,50,0,19,0,0,0,0
626726183005761,"[ğ“ğ‡ğ€ğğŠ ğ˜ğğ” - IRC] ğŸ€

ğŸ«¶ VBA xin chÃ¢n thÃ nh gá»­i lá»i cáº£m Æ¡n Ä‘áº¿n Ä‘á»‘i tÃ¡c chÄƒm sÃ³c sá»©c khá»e - Trung TÃ¢m Phá»¥c Há»“i Cháº¥n ThÆ°Æ¡ng Thá»ƒ Thao Quá»‘c Táº¿ - IRC trong suá»‘t Giáº£i Ä‘áº¥u VBA 5x5 2023.

ğŸ¥° KhÃ´ng chá»‰ cÃ³ máº·t Ä‘á»ƒ há»— trá»£ trá»±cXem thÃªm tiáº¿p cÃ¡c váº­n Ä‘á»™ng viÃªn trÃªn sÃ¢n Ä‘áº¥u ngay tá»« cháº·ng Ä‘áº§u tiÃªn cá»§a mÃ¹a giáº£i VBA 5x5, Ä‘á»™i ngÅ© chuyÃªn gia cá»§a IRC cÃ²n Ã¢m tháº§m há»— trá»£ thÃ´ng qua cÃ¡c hoáº¡t Ä‘á»™ng thÄƒm khÃ¡m, lÆ°á»£ng giÃ¡ miá»…n phÃ­. CÃ¡c váº­n Ä‘á»™ng viÃªn khi tá»›i trung tÃ¢m IRC HÃ  Ná»™i vÃ  SÃ i GÃ²n sáº½ Ä‘Æ°á»£c kiá»ƒm tra Ä‘á»ƒ cÃ³ thá»ƒ phÃ¡t hiá»‡n vÃ  há»— trá»£ táº­p luyá»‡n phá»¥c há»“i chá»©c nÄƒng ká»‹p thá»i náº¿u khÃ´ng may cÃ³ cháº¥n thÆ°Æ¡ng xáº£y ra trong quÃ¡ trÃ¬nh thi Ä‘áº¥u.

ğŸ¤ VBA xin chÃºc cho IRC phÃ¡t triá»ƒn ngÃ y cÃ ng lá»›n máº¡nh vÃ  hy vá»ng hai bÃªn sáº½ cÃ³ cÆ¡ há»™i Ä‘á»“ng hÃ nh cÃ¹ng nhau trong nhá»¯ng giáº£i Ä‘áº¥u sáº¯p tá»›i.

#VBA #VBA2023 #IRC",2023-10-12 16:00:42,3,1,"{'thÃ­ch': 153, 'yÃªu thÃ­ch': 54}",207,153,0,54,0,0,0,0
625299369815109,"[ğ“ğ‡ğ€ğğŠ ğ˜ğğ” - PJICO]

ğŸ«¶ VBA xin trÃ¢n trá»ng cáº£m Æ¡n Tá»•ng cÃ´ng ty cá»• pháº§n báº£o hiá»ƒm Petrolimex - PJICO â€“ NhÃ  TÃ i Trá»£ Báº£o hiá»ƒm cho Giáº£i Ä‘áº¥u BÃ³ng rá»• ChuyÃªn nghiá»‡p Viá»‡t Nam VBA 5x5 2023.

ğŸ€ Sá»± Ä‘á»“ng hÃ nh cá»§a PJICO Ä‘Ã£Xem thÃªm mang Ä‘áº¿n sá»± an tÃ¢m cho cÃ¡c cáº§u thá»§ VBA tá»± tin cá»‘ng hiáº¿n háº¿t mÃ¬nh, gÃ³p pháº§n giÃºp cho giáº£i Ä‘áº¥u diá»…n ra thÃ nh cÃ´ng tá»‘t Ä‘áº¹p.

ğŸ¤ VBA xin chÃºc cho PJICO luÃ´n khÃ´ng ngá»«ng lá»›n máº¡nh vÃ  hy vá»ng hai bÃªn sáº½ cÃ³ thÃªm nhiá»u cÆ¡ há»™i há»£p tÃ¡c trong tÆ°Æ¡ng lai Ä‘á»ƒ mang Ä‘áº¿n nhiá»u mÃ¹a giáº£i Ä‘áº·c sáº¯c hÆ¡n ná»¯a.

#VBA #VBA2023 #PJICO",2023-10-10 10:00:07,1,0,"{'thÃ­ch': 18, 'yÃªu thÃ­ch': 6, 'thÆ°Æ¡ng thÆ°Æ¡ng': 1}",25,18,1,6,0,0,0,0
624868896524823,"[ğ“ğ‡ğ€ğğŠ ğ˜ğğ” - McDonald's] âœ¨

ğŸ€ VBA xin chÃ¢n thÃ nh gá»­i lá»i cáº£m Æ¡n Ä‘áº¿n McDonald's - Äá»‘i tÃ¡c Ä‘á»“ng hÃ nh cÃ¹ng Giáº£i Ä‘áº¥u VBA 5x5 2023.

ğŸ€ LÃ  má»™t trong nhá»¯ng Ä‘á»‘i tÃ¡c Ä‘á»“ng hÃ nh cÃ¹ng vá»›i VBA tá»« nhá»¯ng ngÃ y Ä‘áº§u tiÃªn,Xem thÃªm McDonadâ€™s Ä‘Ã£ cÃ¹ng VBA lan tá»a tinh tháº§n thá»ƒ thao vÃ  khÃ´ng khÃ­ cá»• vÅ© cuá»“ng nhiá»‡t trong suá»‘t mÃ¹a giáº£i vá»«a qua.

ğŸ€ VBA xin chÃºc cho McDonald's luÃ´n khÃ´ng ngá»«ng lá»›n máº¡nh vÃ  hy vá»ng hai bÃªn sáº½ cÃ³ thÃªm nhiá»u cÆ¡ há»™i há»£p tÃ¡c trong tÆ°Æ¡ng lai Ä‘á»ƒ mang Ä‘áº¿n nhiá»u mÃ¹a giáº£i Ä‘áº·c sáº¯c hÆ¡n ná»¯a.

#VBA #VBA2023 #McDonalds #McDonaldsVietnam",2023-10-09 19:00:29,0,0,"{'thÃ­ch': 28, 'yÃªu thÃ­ch': 7}",35,28,0,7,0,0,0,0
624763543202025,"[THANK YOU - SPALDING] âœ¨

ï¸ğŸ€ VBA xin chÃ¢n thÃ nh cáº£m Æ¡n nhÃ  tÃ i trá»£ bÃ³ng thi Ä‘áº¥u chÃ­nh thá»©c cho giáº£i Ä‘áº¥u - Spalding

ğŸ€ LÃ  má»™t trong nhá»¯ng Ä‘á»‘i tÃ¡c Ä‘á»“ng hÃ nh cÃ¹ng VBA tá»« nhá»¯ng mÃ¹a Ä‘áº§u tiÃªn, Spalding Ä‘Ã£ chung tay Ä‘Æ°aXem thÃªm giáº£i Ä‘áº¥u lÃªn táº§m chuyÃªn nghiá»‡p chuáº©n mÃ´ hÃ¬nh Thá»ƒ thao - Giáº£i trÃ­ mang tiÃªu chuáº©n quá»‘c táº¿. Táº¡o cÆ¡ há»™i cho cÃ¡c cáº§u thá»§ tráº£i nghiá»‡m cháº¥t lÆ°á»£ng bÃ³ng Ä‘áº³ng cáº¥p quá»‘c táº¿ Ä‘á»ƒ báº¯t nhá»‹p nhanh vÃ  cÃ³ nhiá»u lá»£i tháº¿ hÆ¡n khi thi Ä‘áº¥u.

ï¸ğŸ€ Vá»›i nhá»¯ng thÃ nh cÃ´ng nÃ y, VBA vÃ  Spalding sáº½ cÃ³ nhiá»u cÆ¡ há»™i Ä‘á»“ng hÃ nh trong tÆ°Æ¡ng lai Ä‘á»ƒ chung tay Ä‘Æ°a ná»n BÃ³ng rá»• Viá»‡t Nam phÃ¡t triá»ƒn vÃ  vÆ°Æ¡n xa hÆ¡n.

#VBA #VBA2023 #VBA #BeTheMoment #Thankyou #Spalding",2023-10-09 15:00:30,0,2,"{'thÃ­ch': 30, 'yÃªu thÃ­ch': 7, 'thÆ°Æ¡ng thÆ°Æ¡ng': 2}",39,30,2,7,0,0,0,0
624682363210143,"|ğ‚ğ®ğ¨Ì£Ì‚ğœ ğ­ğ¡ğ¢| ğ’ğ­ğ¨ğ«ğ² ğ¨ğŸ ğ­ğ¡ğ ğ²ğğšğ« - ğ‚ğšÌ‚ğ® ğœğ¡ğ®ğ²ğÌ£Ì‚ğ§ ğœğ®Ì‰ğš ğ§ğšÌ†ğ¦
ğŸ‘¦ BÃ i dá»± thi cá»§a báº¡n Rocky

Äam mÃª bÃ³ng rá»• cá»§a 1 cáº­u bÃ© 8 tuá»•i

Xin chÃ o má»i ngÆ°á»i. ChÃ¡u tÃªn lÃ  Rocky 8 tuá»•i. MÃ¹a giáº£i VBA Ä‘áº§u tiÃªn cá»§a chÃ¡u lÃ  nÄƒm 2022 â€“ nÄƒm Ä‘áº§u tiÃªn giáº£i tá»• chá»©c trá»Ÿ láº¡i sau Covid. Ngay tá»« láº§n Ä‘áº§u tiÃªn Ä‘i xem trá»±c tiáº¿p, chÃ¡u Ä‘Ã£ say mÃª cÃ¡i khÃ´ng khÃ­ trÃªn sÃ¢n Ä‘áº¥u vÃ  xem má»™t cÃ¡ch say sÆ°a. HÃ´m áº¥y, chÃ¡u Ä‘Ã£ vÆ°á»£t qua sá»± ngáº¡i ngÃ¹ng cá»§a báº£n thÃ¢n Ä‘á»ƒ xuá»‘ng sÃ¢n xin chá»¯ kÃ½ cá»§a chÃº Kim Báº£n, PhÃº Vinhâ€¦ Sá»± thÃ¢n thiá»‡n vÃ  tá»­ táº¿ cá»§a cÃ¡c chÃº áº¥y Ä‘Ã£ lÃ m chÃ¡u yÃªu Ä‘á»™i Saigon Heat vÃ  trá»Ÿ thÃ nh fan trung thÃ nh tá»« lÃºc Ä‘Ã³. NÄƒm áº¥y, chÃ¡u Ä‘Ã£ Ä‘Æ°á»£c láº§n Ä‘áº§u tiÃªn cÃ¹ng Äƒn má»«ng chá»©c VÃ´ Äá»‹ch cá»§a Saigon Heat táº¡i HÃ  Ná»™i.

MÃ¹a giáº£i VBA 2023 nÄƒm nay, may máº¯n lÃ m sao vÃ²ng táº­p trung thi Ä‘áº¥u táº¡i HÃ  Ná»™i. ChÃ¡u Ä‘Ã£ Ä‘Æ°á»£c xem trá»±c tiáº¿p ráº¥t nhiá»u tráº­n Ä‘áº¥u, vÃ  táº¥t nhiÃªn lÃ  chÃ¡u khÃ´ng bá» báº¥t ká»³ má»™t tráº­n nÃ o cá»§a Saigon Heat. Tráº­n nÃ o chÃ¡u cÅ©ng xuá»‘ng sÃ¢n sau khi káº¿t thÃºc Ä‘á»ƒ chá»¥p áº£nh, xin chá»¯ kÃ½, nÃ³i chuyá»‡n giao lÆ°u vá»›i cÃ¡c chÃº SGH, tháº­m chÃ­ chÃ¡u cÃ²n hÃ¡t chÃºc má»«ng sinh nháº­t chÃº LÃª Quang táº¡i sÃ¢n.

Äiá»u háº¡nh phÃºc nháº¥t mÃ  chÃ¡u muá»‘n ká»ƒ lÃ  chÃ¡u Ä‘Ã£ Ä‘Æ°á»£c lÃ m mascot, dáº«n cÃ¡c chÃº cáº§u thá»§ Saigon Heat ra sÃ¢n thi Ä‘áº¥u trong chÃ­nh ngÃ y sinh nháº­t 8 tuá»•i cá»§a chÃ¡u. HÃ´m áº¥y cáº£ báº¡n bÃ¨, gia Ä‘Ã¬nh cá»§a chÃ¡u cÅ©ng Ä‘áº¿n sÃ¢n cá»• vÅ©, cho chÃ¡u vÃ  cho cáº£ SGH, vÃ  SGH láº¡i Ä‘Ã£ chiáº¿n tháº¯ng. ÄÃ³ chÃ­nh lÃ  sinh nháº­t tuyá»‡t vá»i vÃ  Ã½ nghÄ©a nháº¥t cá»§a chÃ¡u. ChÃ¡u sáº½ khÃ´ng bao giá» quÃªn Ä‘Æ°á»£c cáº£m giÃ¡c sung sÆ°á»›ng áº¥y.

Sau hÃ´m áº¥y chÃ¡u cÃ²n nhiá»u láº§n Ä‘Æ°á»£c lÃ m mascot, tháº­m chÃ­ chÃ¡u cÃ²n Ä‘Æ°á»£c dáº«n cáº£ chÃº MVP lÃ  chÃº Kentrell Barkley, chÃº Ä‘Ã£ nÃ³i chuyá»‡n vá»›i chÃ¡u ráº¥t nhiá»u, vÃ  cÃ²n nhá»› chÃ¡u Ä‘á»ƒ táº·ng chÃ¡u chiáº¿c mÅ© MVP ná»¯a.

Sau Ä‘áº¥y, chÃ¡u Ä‘Ã£ cÃ¹ng gia Ä‘Ã¬nh chuyá»ƒn nhÃ  sang Ãšc, tháº­t tiáº¿c vÃ¬ khÃ´ng thá»ƒ tiáº¿p tá»¥c xem trá»±c tiáº¿p cÃ¡c chÃº thi Ä‘áº¥u ná»¯a. NhÆ°ng chÃ¡u váº«n theo dÃµi vÃ  cá»• vÅ© cÃ¡c chÃº SGH tá»« xa. Máº¥y tráº­n SGH thua, chÃ¡u Ä‘Ã£ ráº¥t buá»“n vÃ  báº£o máº¹ ráº±ng: â€œCháº¯c táº¡i con khÃ´ng Ä‘áº¿n cá»• vÅ© trá»±c tiáº¿p, nÃªn SGH khÃ´ng may máº¯n ná»¯a!â€. NhÆ°ng cuá»‘i cÃ¹ng, SGH cÅ©ng vÃ´ Ä‘á»‹ch láº§n thá»© 4!!! ChÃ¡u Ä‘Ã£ vÃ´ cÃ¹ng há»“i há»™p vÃ  háº¡nh phÃºc khi xem tráº­n Ä‘áº¥u cuá»‘i áº¥y, cÃ¡c chÃº Nha Trang Dolphins cÅ©ng ráº¥t giá»i, nhÆ°ng SGH váº«n xá»©ng Ä‘Ã¡ng hÆ¡n.

Máº¹ chÃ¡u báº£o ráº±ng sá»Ÿ thÃ­ch cá»§a má»™t cáº­u bÃ© 8 tuá»•i rá»“i sáº½ thay Ä‘á»•i. NhÆ°ng chÃ¡u khÃ´ng nghÄ© tháº¿ vÃ  sáº½ chá»©ng minh cho máº¹ chÃ¡u tháº¥y. ChÃ¡u váº«n sáº½ cá»• vÅ© Ä‘á»™i SGH tá»« xa. HÆ¡n tháº¿ ná»¯a, chÃ¡u Ä‘ang tiáº¿p tá»¥c táº­p luyá»‡n bÃ³ng rá»• á»Ÿ Ãšc, chÃ¡u sáº½ cá»‘ gáº¯ng Ä‘á»ƒ sau nÃ y chÃ¡u cÃ³ thá»ƒ vá» chÆ¡i cho Ä‘á»™i SGH. HÃ£y chá» chÃ¡u nhÃ©!

Rockyâ£ï¸

ğŸ”¥VÃ²ng 1 (nháº­n bÃ i dá»± thi) Ä‘Ã£ khÃ©p láº¡i, cÃ¡c ballers hÃ£y Ä‘Ã³n chá» vÃ²ng 2 Ä‘á»ƒ bÃ¬nh chá»n cho nhá»¯ng bÃ i viáº¿t mÃ¬nh yÃªu thÃ­ch nháº¥t nha.

#VBA #VBA2023 #SOTY",2023-10-09 12:00:06,9,9,"{'thÃ­ch': 42, 'yÃªu thÃ­ch': 33, 'wow': 1, 'thÆ°Æ¡ng thÆ°Æ¡ng': 4}",80,42,4,33,0,0,1,0
624664579878588,"[THANK YOU - CAO Lá»NG NHÃ‚N SÃ‚M Äá»] âœ¨

ğŸ€ VBA xin gá»­i lá»i cáº£m Æ¡n chÃ¢n thÃ nh Ä‘áº¿n Äá»‘i tÃ¡c Ä‘á»“ng hÃ nh Cao Lá»ng NhÃ¢n SÃ¢m Äá» trong suá»‘t mÃ¹a giáº£i VBA 2023.

ğŸ€ Sá»± Ä‘á»“ng hÃ nh cá»§a Cao lá»ng nhÃ¢n sÃ¢m Ä‘á» cÃ¹ng vá»›i Giáº£i Ä‘áº¥u Ä‘Ã£ lanXem thÃªm tá»a nhá»¯ng khoáº£nh kháº¯c hÃ o há»©ng trÃªn sÃ¢n vÃ  Ä‘em Ä‘áº¿n cho cÃ¡c fan yÃªu bÃ³ng rá»• nhá»¯ng pháº§n quÃ  vÃ´ cÃ¹ng háº¥p dáº«n.

ğŸ€ VBA xin chÃºc cho Cao lá»ng nhÃ¢n sÃ¢m Ä‘á» luÃ´n khÃ´ng ngá»«ng lá»›n máº¡nh vÃ  hy vá»ng hai bÃªn sáº½ cÃ³ thÃªm nhiá»u cÆ¡ há»™i há»£p tÃ¡c trong tÆ°Æ¡ng lai Ä‘á»ƒ mang Ä‘áº¿n nhiá»u mÃ¹a giáº£i Ä‘áº·c sáº¯c hÆ¡n ná»¯a.

#VBA #VBA2023 #CaolongNhansamDo #Nhansamdo",2023-10-09 11:15:00,0,0,"{'thÃ­ch': 26, 'yÃªu thÃ­ch': 5}",31,26,0,5,0,0,0,0
624306993247680,"|ğ‚ğ®ğ¨Ì£Ì‚ğœ ğ­ğ¡ğ¢| ğ’ğ­ğ¨ğ«ğ² ğ¨ğŸ ğ­ğ¡ğ ğ²ğğšğ« - ğ‚ğšÌ‚ğ® ğœğ¡ğ®ğ²ğÌ£Ì‚ğ§ ğœğ®Ì‰ğš ğ§ğšÌ†ğ¦
ğŸ«° BÃ i dá»± thi cá»§a báº¡n Bchau

âœ¨ MÃ¬nh lÃ  má»™t cÃ´ bÃ© yÃªu bÃ³ng rá»• vÃ  Ä‘Ã£ chÆ¡i bá»™ mÃ´n nÃ y cÅ©ng Ä‘Ã£ vÃ i nÄƒm. DÃ¹ Ä‘áº¿n hiá»‡n táº¡i mÃ¬nh váº«n chÆ°a thá»ƒ giáº£i thÃ­ch táº¡i sao mÃ¬nh láº¡i yÃªu bÃ³ng rá»• Ä‘áº¿n tháº¿ nhÆ°ng mÃ¬nh biáº¿t bÃ³ng rá»• Ä‘Ã£ mang láº¡i cho mÃ¬nh ráº¥t nhiá»u cáº£m xÃºc. ğŸ”¥Äáº·c biá»‡t, lÃ  má»™t khoáº£nh kháº¯c nhá» mÃ¬nh may máº¯n Ä‘Æ°á»£c tháº¥y vÃ  áº¥n tÆ°á»£ng mÃ£i Ä‘áº¿n giá» cá»§a anh Nam-trá»£ lÃ­ quáº£n Ä‘á»™i Nha Trang Dolphins ğŸ¬ğŸ€

ğŸ‘‰ğŸ¼Trong má»™t tráº­n Ä‘áº¥u giá»¯a SÃ i GÃ²n Heat vÃ  Nha Trang Dolphins táº¡i sÃ¢n CIS mÃ¬nh may máº¯n Ä‘Æ°á»£c báº¡n rá»§ Ä‘i xem. Tráº­n Ä‘áº¥u cÅ©ng diá»…n ra vá»›i Ä‘áº§y nhá»¯ng tÃ¬nh huá»‘ng hustle cá»§a hai Ä‘á»™i. VÃ  dÆ°á»›i sá»©c nÃ³ng CIS, Ãšt Phin Ä‘Ã£ bá»‹ dáº«n trÆ°á»›c dÃ¹ luÃ´n cá»‘ gáº¯ng Ä‘uá»•i theo tá»«ng con Ä‘iá»ƒm. MÃ¬nh nhá»› lÃºc nÃ y, cÃ¡c cáº§u thá»§ cÅ©ng Ä‘Ã£ tháº¥m má»‡t vÃ  vÃ¬ pháº¡m má»™t sá»‘ sai láº§m khiáº¿n Ä‘á»™i bá»‹ dáº«n trÆ°á»›c nÃªn cÃ¡c anh dÆ°á»ng nhÆ° cáº£m tháº¥y khÃ¡ cÃ³ lá»—i vÃ  tá»± ti. Trong lÃºc breaktime, mÃ¬nh tháº¥y anh Nam bÆ°á»›c ra vÃ  ngá»“i khuá»µ chÃ¢n xuá»‘ng trÆ°á»›c máº·t nhá»¯ng cáº§u thá»§ cá»§a mÃ¬nh. MÃ¬nh cÅ©ng khÃ´ng biáº¿t anh nÃ³i gÃ¬ nhÆ°ng mÃ¬nh cáº£m nháº­n Ä‘Æ°á»£c lÃ  anh Ä‘ang tiáº¿p thÃªm sá»©c máº¡nh, thÃªm tá»± tin cho cÃ¡c cáº§u thá»§ cá»§a mÃ¬nh. Äá»‘i vá»›i ngÆ°á»i khÃ¡c cÃ³ thá»ƒ khoáº£nh kháº¯c Ä‘Ã³ khÃ´ng lÃ  gÃ¬ cáº£, nhÆ°ng Ä‘á»‘i vá»›i báº£n thÃ¢n mÃ¬nh, cÅ©ng tá»«ng Ä‘Æ°á»£c Ä‘á»©ng trÃªn sÃ¢n thi Ä‘áº¥u mÃ¬nh cáº£m nháº­n Ä‘Æ°á»£c khoáº£nh kháº¯c anh Nam bÃ¬nh tÄ©nh cá»§ng cá»‘ tÃ¢m lÃ­ cÃ³ cÃ¡c cáº§u thá»§ áº¥y nÃ³ Ä‘Ã¡ng giÃ¡ nhÆ° tháº¿ nÃ o trong má»™t tráº­n thi Ä‘áº¥u Ã¡p lá»±c nhÆ° tháº¿ vÃ  mÃ¬nh tin chÃ­nh vÃ¬ nhá»¯ng Ä‘iá»u Ä‘Æ¡n giáº£n áº¥y Ä‘Ã£ giÃºp cho nhá»¯ng cáº§u thá»§ tráº» cá»§a Nha Trang thi Ä‘áº¥u háº¿t mÃ¬nh vÃ  tá»± tin hÆ¡n. ğŸ”¥â¤ï¸

ğŸ”¥ CÃ³ láº½ Ä‘Ã¢y chÃ­nh lÃ  sá»©c máº¡nh mÃ¬nh cáº£m nháº­n Ä‘Æ°á»£c á»Ÿ gia Ä‘Ã¬nh Ãšt Phin, cáº£m Æ¡n Ãšt Phin vÃ¬ má»™t mÃ¹a giáº£i thi Ä‘áº¥u háº¿t sá»©c tuyá»‡t vá»i. Cáº£m Æ¡n nhá»¯ng cáº§u thá»§, Cáº£m Æ¡n nhá»¯ng ngÆ°á»i Ä‘á»©ng sau. Cáº£m Æ¡n vÃ¬ nhá»¯ng khoáº£nh kháº¯c Ä‘áº¹p á»Ÿ VBA 2023ğŸ€ğŸ”¥

ğŸ”¥ğŸğŸ‘ğ¡ğŸ“ğŸ— ğ§ğ ğšÌ€ğ² ğŸğŸ–/ğŸğŸ/ğŸğŸğŸğŸ‘ sáº½ káº¿t thÃºc vÃ²ng 1 gá»­i bÃ i dá»± thi. Ballers cÃ³ thá»ƒ dÃ¹ng biá»‡t danh Ä‘á»ƒ dá»± thi nÃªn Ä‘á»«ng ngáº§n ngáº¡i chia sáº» vá»›i VBA nha!

#VBA #VBA2023 #SOTY",2023-10-08 21:00:16,74,39,"{'thÃ­ch': 169, 'yÃªu thÃ­ch': 192, 'haha': 2, 'wow': 1, 'thÆ°Æ¡ng thÆ°Æ¡ng': 5}",369,169,5,192,2,0,1,0
624274569917589,"âœ¨ ğ•ğğ€ ğ€ğ–ğ€ğ‘ğƒğ’ ğŸğŸğŸğŸ‘ - GIá»šI THIÃŠÌ£U BAN Cá» Váº¤N TRUYá»€N THÃ”NG BÃŒNH CHá»ŒN CHO CÃC Háº NG Má»¤C GIáº¢I THÆ¯á»NG DO CÃ”NG CHÃšNG BÃŒNH CHá»ŒNğŸŒŸ

NgoÃ i cÃ¡c giáº£i thÆ°á»Ÿng cÃ¡ nhÃ¢n, VBA Awards 2023 cÅ©ng bao gá»“m 3 giáº£i thÆ°á»Ÿng do Ban cá»‘ váº¥n Truyá»n thÃ´ng bÃ¬nh chá»n (50%) vÃ  cÃ´ng chÃºng bÃ¬nh chá»n (50%). ThÃ nh viÃªn ban cá»‘ váº¥n Truyá»n thÃ´ng gá»“m:

1. Mr. Nguyá»…n Viá»‡t Anh - PhÃ³ phÃ²ng phÃ²ng thá»ƒ thao Ban VÄƒn hoÃ¡ - XÃ£ há»™i - ÄÃ i tiáº¿ng nÃ³i Viá»‡t Nam VOV
2. Ms. Tráº§n Thá»‹ TÆ°á»ng VÃ¢n - BiÃªn táº­p viÃªn Ä‘Ã i truyá»n hÃ¬nh HTV
3. Mr. Tráº§n ÄÃ¬nh CÆ°á»ng - BÃ¬nh luáº­n viÃªn - ÄÃ i truyá»n hÃ¬nh Viá»‡t Nam VTV
4. Mr. Tá»± Äá»©c - CÃ´ng ty TNHH Truyá»n hÃ¬nh FPT PLAY
5. Ms. Viá»‡t Nga - BÃ¬nh luáº­n viÃªn Onsports - VTVcab
6. Ms. Nguyá»…n Ngá»c TrÃ¢n - PhÃ³ng viÃªn VTVcab
7. Mr. BÃ¹i Äá»©c Huy - BÃ¬nh luáº­n viÃªn VTVcab
8. Mr. Nguyá»…n Quá»‘c Viá»‡t - BÃ¬nh luáº­n viÃªn VTVcab
9. Mr. Nguyá»…n PhÃº Äá»©c - TrÆ°á»Ÿng khá»‘i social vÃ  video cá»§a Webthethao
10. Mr. Nguyá»…n Viá»‡t Long - BiÃªn táº­p viÃªn - Webthethao
11. Mr. NgÃ´ Tháº¡ch Quang DÆ°Æ¡ng - PhÃ³ng viÃªn Tiin.vn - Viettel Media
12. Mr. Tráº§n Máº¡nh Linh - PhÃ³ng viÃªn bÃ¡o Thá»ƒ Thao vÃ  VÄƒn hÃ³a
13. Mr. Pháº¡m Táº¥n Huy - Admin Nhá»‹p Ä‘áº­p bÃ³ng rá»•

ğŸ† Káº¿t quáº£ cÃ¡c háº¡ng má»¥c sáº½ Ä‘Æ°á»£c cÃ´ng bá»‘ táº¡i Ä‘Ãªm trao giáº£i VBA AWARDS 2023.

#VBA #VBAAwards2023 #Petrolimex",2023-10-08 20:00:20,0,12,"{'thÃ­ch': 121, 'yÃªu thÃ­ch': 26, 'haha': 2}",149,121,0,26,2,0,0,0
624109573267422,"|ğ‚ğ®ğ¨Ì£Ì‚ğœ ğ­ğ¡ğ¢| ğ’ğ­ğ¨ğ«ğ² ğ¨ğŸ ğ­ğ¡ğ ğ²ğğšğ« - ğ‚ğšÌ‚ğ® ğœğ¡ğ®ğ²ğÌ£Ì‚ğ§ ğœğ®Ì‰ğš ğ§ğšÌ†ğ¦
â›¹ï¸â€â™‚ï¸ BÃ i dá»± thi cá»§a báº¡n Tracy

Saigon Heat â€“ 8 - nÄƒm má»™t cháº·ng Ä‘Æ°á»ng

BÃ i viáº¿t nÃ y dÃ nh Ä‘á»ƒ shout out cho Saigon Heat â€“ Ä‘á»™i bÃ³ng Ä‘Ã£ mang tÃ´i Ä‘áº¿n vá»›i bÃ³ng rá»• vÃ  nhiá»u hÆ¡n tháº¿ ná»¯a.

TÃ´i biáº¿t Ä‘áº¿n bÃ³ng rá»• má»™t cÃ¡ch tÃ¬nh cá» hÆ¡n bao giá» háº¿t. Má»™t ngÃ y Ä‘ang lÆ°á»›t Facebook, tÃ´i vÃ´ tÃ¬nh xem Ä‘Æ°á»£c má»™t video trong má»™t tráº­n Ä‘áº¥u cá»§a Saigon Heat táº¡i ABL. á»’, Viá»‡t Nam cÃ³ Ä‘á»™i bÃ³ng rá»• tham gia giáº£i Ä‘áº¥u quá»‘c táº¿ nhÆ° nÃ y Æ°? ÄÃ³ lÃ  láº§n Ä‘áº§u tÃ´i biáº¿t Ä‘áº¿n bÃ³ng rá»• chuyÃªn nghiá»‡p táº¡i Viá»‡t Nam. VÃ  Ä‘Ãºng lÃ  con ngÆ°á»i ta hay bá»‹ lÃ m cho áº¥n tÆ°á»£ng tá»« nhá»¯ng thá»© biáº¿t Ä‘áº¿n láº§n Ä‘áº§u tiÃªn, tÃ´i chÃ­nh thá»©c trá»Ÿ thÃ nh má»™t Fan cá»§a SGH tá»« lÃºc Ä‘Ã³, vÃ  cÅ©ng lÃ  má»™t Fangirl cá»§a Cap Viet Arnold. TÃ´i tÃ¬m xem táº¥t cáº£ nhá»¯ng tráº­n Ä‘áº¥u cá»§a SGH táº¡i ABL. Má»™t nÄƒm sau Ä‘Ã³, VBA tá»• chá»©c giáº£i Ä‘áº¥u Ä‘áº§u tiÃªn, tÃ´i cÃ³ thÃªm má»™t cÃ¡ch giáº£i trÃ­ má»›i. TÃ´i theo dÃµi táº¥t cáº£ cÃ¡c tráº­n Ä‘áº¥u cá»§a SGH táº¡i ABL vÃ  VBA, khÃ´ng bá» tráº­n nÃ o. Táº¥t nhiÃªn, nhá»¯ng tráº­n Ä‘áº¥u khÃ¡c tÃ´i Ä‘á»u cá»‘ gáº¯ng xem khi cÃ³ thá»ƒ.

Rá»“i má»™t ngÃ y Ä‘áº¹p trá»i khÃ¡c, tÃ´i phÃ¡t hiá»‡n ra nhá»¯ng cáº­u há»c trÃ² cá»§a tÃ´i cÅ©ng lÃ  Fan cá»§a SGH, vÃ  chÃºng cÅ©ng Ä‘ang há»c bÃ³ng rá»• táº¡i nhá»¯ng há»c viá»‡n cÃ³ tiáº¿ng táº¡i HÃ  Ná»™i. ChÃºng máº¯t chá»¯ A, má»“m chá»¯ O khi nghe cÃ´ giÃ¡o cá»§a chÃºng nÃ³ cÃ³ thá»ƒ Ä‘á»c vanh vÃ¡ch luáº­t bÃ³ng rá»•, ká»ƒ tÃªn nhá»¯ng cáº§u thá»§ nÃ o cá»§a Ä‘á»™i nÃ o táº¡i VBA, ká»ƒ vá» â€œlá»‹ch sá»­â€ cá»§a VBA, cá»§a SGH. Rá»“i 2 nÄƒm sau Ä‘Ã³, tÃ´i cÅ©ng tháº¥y ráº¥t tá»± hÃ o khi hs cá»§a mÃ¬nh vÃ´ Ä‘á»‹ch VBSL, rá»“i suÃ½t vÃ´ Ä‘á»‹ch U16 quá»‘c gia.

Tháº­t vui khi chá»©ng kiáº¿n sá»± phÃ¡t triá»ƒn cá»§a bÃ³ng rá»• Viá»‡t Nam nÃ³i chung, cá»§a VBA nÃ³i riÃªng, vÃ  Ä‘áº·c biá»‡t hÆ¡n ná»¯a lÃ  sá»± thÃ nh cÃ´ng cá»§a Saigon Heat. Cáº£m Æ¡n Saigon Heat Ä‘Ã£ lÃ  má»™t pháº§n cá»§a thanh xuÃ¢n cá»§a cÃ´ gÃ¡i sáº¯p 30. CÃ¡m Æ¡n VBA Ä‘Ã£ ngÃ y cÃ ng chuyÃªn nghiá»‡p.

Sau nÃ y con mÃ¬nh nháº¥t Ä‘á»‹nh sáº½ chÆ¡i bÃ³ng rá»•. ğŸ€

ğŸ”¥ğŸğŸ‘ğ¡ğŸ“ğŸ— ğ§ğ ğšÌ€ğ² ğŸğŸ–/ğŸğŸ/ğŸğŸğŸğŸ‘ sáº½ káº¿t thÃºc vÃ²ng 1 gá»­i bÃ i dá»± thi. Ballers cÃ³ thá»ƒ dÃ¹ng biá»‡t danh Ä‘á»ƒ dá»± thi nÃªn Ä‘á»«ng ngáº§n ngáº¡i chia sáº» vá»›i VBA nha!

#VBA #VBA2023 #SOTY",2023-10-08 13:30:04,1,0,"{'thÃ­ch': 56, 'yÃªu thÃ­ch': 12}",68,56,0,12,0,0,0,0
624074769937569,"|ğ‚ğ®ğ¨Ì£Ì‚ğœ ğ­ğ¡ğ¢| ğ’ğ­ğ¨ğ«ğ² ğ¨ğŸ ğ­ğ¡ğ ğ²ğğšğ« - ğ‚ğšÌ‚ğ® ğœğ¡ğ®ğ²ğÌ£Ì‚ğ§ ğœğ®Ì‰ğš ğ§ğšÌ†ğ¦
ğŸ¦– BÃ i dá»± thi cá»§a báº¡n Usagi

MÃ¬nh báº¯t Ä‘áº§u cÃ³ niá»m Ä‘am mÃª vá»›i bÃ³ng rá»• vÃ o nÄƒm 2019. ÄÃ³ lÃ  tráº­n Ä‘áº¥u Playoffs 1 - Game 3 cá»§a VBA 2019 giá»¯a Cantho Catfish vÃ  Thang Long Warriors. Tráº­n Ä‘áº¥u áº¥y máº·c dÃ¹ khÃ´ng thá»ƒ giÃ nh Ä‘Æ°á»£c chiáº¿n tháº¯ng, nhÆ°ng báº±ng má»™t cÃ¡ch nÃ o Ä‘Ã³, sá»± nhiá»‡t huyáº¿t vÃ  tinh tháº§n chiáº¿n Ä‘áº¥u quáº£ cáº£m Ä‘áº¿n nhá»¯ng giÃ¢y cuá»‘i cÃ¹ng cá»§a cÃ¡c ""Chiáº¿n binh Khá»§ng Long"" Ä‘Ã£ má»Ÿ ra niá»m Ä‘am mÃª vá»›i ""trÃ¡i bÃ³ng cam"" cá»§a mÃ¬nh.

Äáº¿n mÃ¹a giáº£i VBA 2023, mÃ¬nh Ä‘Ã£ Ä‘Æ°á»£c tá»›i sÃ¢n theo dÃµi Ä‘á»™i nhiá»u hÆ¡n, Ä‘Æ°á»£c hoÃ  mÃ¬nh cÃ¹ng báº§u khÃ´ng khÃ­ sÃ´i Ä‘á»™ng cÃ¹ng cÃ¡c anh chá»‹ vÃ  cÃ¡c báº¡n #WOWs. ChÃºng mÃ¬nh Ä‘Ã£ cÃ¹ng chÃ¡y, cÃ¹ng hÃ´ vang ""Warriors"" Ä‘áº§y tá»± hÃ o vÃ  kiÃªu hÃ£nh. VÃ¬ thá»i gian khÃ´ng cho phÃ©p nÃªn mÃ¬nh Ä‘Ã£ khÃ´ng thá»ƒ tá»›i sÃ¢n theo dÃµi táº¥t cáº£ cÃ¡c tráº­n Ä‘áº¥u á»Ÿ mÃ¹a giáº£i nÄƒm nay, tuy nhiÃªn mÃ¬nh cÅ©ng ráº¥t may máº¯n khi Ä‘Æ°á»£c Ä‘á»“ng hÃ nh cÃ¹ng vá»›i Ä‘á»™i bÃ³ng thÃ´ng qua nhá»¯ng buá»•i fanmeeting. Nhá» nhá»¯ng buá»•i fanmeeting áº¥y, mÃ¬nh Ä‘Ã£ cÃ³ cÆ¡ há»™i Ä‘Æ°á»£c gáº§n gÅ©i hÆ¡n vá»›i cÃ¡c cáº§u thá»§, Ä‘Æ°á»£c gáº·p gá»¡ vÃ  giao lÆ°u vá»›i nhiá»u ngÆ°á»i báº¡n má»›i cÃ³ chung niá»m Ä‘am mÃª vÃ  tÃ¬nh yÃªu vá»›i Binh Ä‘oÃ n Khá»§ng Long.

VBA 2023 Ä‘Ã£ káº¿t thÃºc, cho dÃ¹ khÃ´ng thá»ƒ cÃ³ Ä‘Æ°á»£c káº¿t quáº£ tá»‘t khi pháº£i dá»«ng chÃ¢n á»Ÿ Playoffs nhÆ°ng vá»›i nhá»¯ng gÃ¬ Ä‘Ã£ thá»ƒ hiá»‡n á»Ÿ mÃ¹a giáº£i nÃ y, mÃ¬nh tháº­t sá»± cáº£m tháº¥y ráº¥t tá»± hÃ o vá» nhá»¯ng ""chiáº¿n binh Khá»§ng Long"". Cáº£m Æ¡n cÃ¡c cáº§u thá»§, cÃ¡c thÃ nh viÃªn trong BHL vÃ  cÃ¡c #WOWs Ä‘Ã£ cÃ¹ng táº¡o nÃªn má»™t mÃ¹a giáº£i Ä‘Ã¡ng nhá»›. Háº¹n gáº·p má»i ngÆ°á»i á»Ÿ mÃ¹a giáº£i nÄƒm sau!

LET'S GO WARRIORS LET'S GOOOOO â¤ï¸ğŸ¦–

ğŸ”¥ğŸğŸ‘ğ¡ğŸ“ğŸ— ğ§ğ ğšÌ€ğ² ğŸğŸ–/ğŸğŸ/ğŸğŸğŸğŸ‘ sáº½ káº¿t thÃºc vÃ²ng 1 gá»­i bÃ i dá»± thi. Ballers cÃ³ thá»ƒ dÃ¹ng biá»‡t danh Ä‘á»ƒ dá»± thi nÃªn Ä‘á»«ng ngáº§n ngáº¡i chia sáº» vá»›i VBA nha!

#VBA #VBA2023 #SOTY",2023-10-08 12:00:08,3,3,"{'thÃ­ch': 32, 'yÃªu thÃ­ch': 22}",54,32,0,22,0,0,0,0
623682999976746,"|ğ‚ğ®ğ¨Ì£Ì‚ğœ ğ­ğ¡ğ¢| ğ’ğ­ğ¨ğ«ğ² ğ¨ğŸ ğ­ğ¡ğ ğ²ğğšğ« - ğ‚ğšÌ‚ğ® ğœğ¡ğ®ğ²ğÌ£Ì‚ğ§ ğœğ®Ì‰ğš ğ§ğšÌ†ğ¦
ğŸ¤œğŸ¤› BÃ i dá»± thi cá»§a báº¡n ST

TÃ´i Ä‘Ã£ Ä‘áº¿n vá»›i bÃ³ng rá»• vÃ o má»™t ngÃ y háº¡ oi! Má»i chuyá»‡n chá»‰ lÃ  tÃ¬nh cá» khi trÆ°á»›c Ä‘Ã³, tÃ´i hoÃ n toÃ n khÃ´ng biáº¿t chÃºt gÃ¬ vá» bÃ³ng rá»•. ÄÆ°á»£c táº·ng vÃ© free Ä‘i xem má»™t tráº­n á»Ÿ cháº·ng regular season, tÃ´i tá»‰nh bÆ¡. Má»™t Ä‘á»©a chÆ°a bao giá» thá»±c sá»± há»©ng thÃº vá»›i thá»ƒ thao Ä‘Ã£ ''ngá»£p'' trong báº§u khÃ´ng khÃ­ cá»§a tá»‘i hÃ´m áº¥y.

NhÆ° má»™t ''lá»‘i mÃ²n'' cá»§a báº£n thÃ¢n, tÃ´i chá»n ngá»“i bÃªn khÃ¡n Ä‘Ã i cá»‘ Ä‘á»™ng viÃªn Cáº§n ThÆ¡ chá»‰ Ä‘Æ¡n giáº£n lÃ  vÃ¬ tháº¥y bÃªn Ä‘Ã¢y Ä‘ang ''lÃ©p váº¿'' hÆ¡n vá» khoáº£n cá»• vÅ©. Tráº­n Ä‘áº¥u báº¯t Ä‘áº§u, má»i ngÆ°á»i hÃ o há»©ng, tÃ­ch cá»±c cá»• vÅ© cÃ¡c thá»© xong tÃ´i tháº¥y vui quÃ¡ thá»ƒ tháº¿ cÅ©ng báº¯t chÆ°á»›c cá»• vÅ© theo. Tá»«ng tiáº¿ng hÃ´, kháº©u hiá»‡u Ä‘á»u ráº¥t ''nhiá»‡t'' khiáº¿n tÃ´i chá»‰ muá»‘n Ä‘áº¯m mÃ¬nh trong báº§u khÃ´ng khÃ­ áº¥y mÃ£i. DÃ¹ tráº­n hÃ´m Ä‘áº¥y cÃ³ nhiá»u ngÃ´i sao, tÃ´i Ä‘Ã£ bá»‹ Bam gÃ¢y áº¥n tÆ°á»£ng máº¡nh. ChÃº chÆ¡i ráº¥t ''chÃ¡y'' hÃ´m áº¥y vÃ  áºµm luÃ´n MVP. May máº¯n Ä‘Æ°á»£c chá»¥p áº£nh cÃ¹ng chÃº, nÃ³i chuyá»‡n vÃ i ba cÃ¢u khiáº¿n tÃ´i nhÆ° trÃªn mÃ¢y. ChÃº ráº¥t áº¥m Ã¡p, tÃ´i Ä‘Ã£ ráº¥t vui vÃ  ráº¥t ráº¥t muá»‘n gáº·p láº¡i chÃº láº§n ná»¯a.

""Æ¯á»›c nguyá»‡n'' cá»§a tÃ´i hoÃ n thÃ nh khi láº¡i may máº¯n Ä‘Æ°á»£c xem Bam Ä‘áº¥u má»™t tráº­n trá»±c tiáº¿p. Tráº­n Ä‘áº¥u vá»›i Heat khÃ´ng há» dá»… dÃ ng, nhÆ°ng chÃº Ä‘Ã£ giá»¯ lá»­a cho team vÃ  thi Ä‘áº¥u ráº¥t nhiá»‡t Ä‘áº¿n táº­n cuá»‘i cÃ¹ng. HÃ´m áº¥y, vÃ¬ Ä‘Ã£ cÃ³ kinh nghiá»‡m xem ''nhá»¯ng'' má»™t tráº­n bÃ³ng rá»• nÃªn tÃ´i vÃ  cÃ¡c chá»‹ em cá»• vÅ©, hÃ©t to nhÆ° chÆ°a tá»«ng Ä‘Æ°á»£c hÃ©t váº­y. Káº¿t quáº£ khÃ´ng nhÆ° mong Ä‘á»£i khiáº¿n tÃ´i lo lÃ  sáº½ khÃ´ng Ä‘Æ°á»£c nÃ³i chuyá»‡n vá»›i Bam láº§n ná»¯a. May sao mÃ  sau tráº­n chÃº váºµn á»Ÿ láº¡i. Chá»‰ lÃ  nÃ³i chuyá»‡n thÃªm vá»›i chÃº vÃ i cÃ¢u, báº¯t tay vÃ i láº§n mÃ  lÃ²ng tui lÃ¢ng lÃ¢ng khÃ³ táº£. Láº¡i lÃ  cáº£m giÃ¡c áº¥m Ã¡p.

Bam Ä‘Ã£ mang tui Ä‘áº¿n vá»›i bÃ³ng rá»•, háº³n tháº¿. KhÃ´ng cÃ³ chÃº, cÃ³ thá»ƒ tÃ´i sáº½ cháº³ng bao giá» tÃ¬m Ä‘Æ°á»£c má»™t ngÆ°á»i mang láº¡i Ä‘á»™ng lá»±c cho tÃ´i nhiá»u tháº¿, sáº½ cháº³ng thá»ƒ nÃ o biáº¿t Ä‘Æ°á»£c, bÃ³ng rá»• khÃ´ng chá»‰ Ä‘Æ¡n giáº£n lÃ  thá»ƒ thao, mÃ  nÃ³ cÃ²n gáº¯n liá»n vá»›i nhá»¯ng con ngÆ°á»i ''truyá»n lá»­a''.

Tá»‘i hÃ´m áº¥y, tÃ´i Ä‘Ã£ nÃ³i tÃ´i khÃ¡ buá»“n vÃ¬ Ä‘Ã¢y cÃ³ thá»ƒ lÃ  láº§n cuá»‘i tÃ´i Ä‘Æ°á»£c gáº·p chÃº. TÃ´i khÃ´ng cháº¯c chÃº nhá»› Ä‘iá»u áº¥y nhÆ°ng ''lá»­a'' chÃº tháº¯p trong tÃ´i qua hai láº§n gáº·p váº«n nhen nhÃ³m, thÃ´i thÃºc tÃ´i Ä‘áº¿n táº­n bÃ¢y giá».

Chá»‰ muá»‘n nÃ³i cáº£m Æ¡n vÃ  biáº¿t Æ¡n vÃ¬ Ä‘Ã£ may máº¯n Ä‘Æ°á»£c biáº¿t Ä‘áº¿n Bam, biáº¿t Ä‘áº¿n bÃ³ng rá»•, vá»›i nhá»¯ng con ngÆ°á»i, cÃ¢u chuyá»‡n vÃ´ cÃ¹ng Ä‘áº·c biá»‡t!

ğŸ”¥ Ballers cÃ³ thá»ƒ dÃ¹ng biá»‡t danh Ä‘á»ƒ dá»± thi nÃªn Ä‘á»«ng ngáº§n ngáº¡i chia sáº» vá»›i VBA nha!

#VBA #VBA2023 #SOTY",2023-10-07 20:00:09,1,0,"{'thÃ­ch': 13, 'yÃªu thÃ­ch': 6, 'thÆ°Æ¡ng thÆ°Æ¡ng': 1}",20,13,1,6,0,0,0,0
623616453316734,"|ğ‚ğ®ğ¨Ì£Ì‚ğœ ğ­ğ¡ğ¢| ğ’ğ­ğ¨ğ«ğ² ğ¨ğŸ ğ­ğ¡ğ ğ²ğğšğ« - ğ‚ğšÌ‚ğ® ğœğ¡ğ®ğ²ğÌ£Ì‚ğ§ ğœğ®Ì‰ğš ğ§ğšÌ†ğ¦
ğŸ¤œğŸ¤›BÃ i dá»± thi cá»§a báº¡n An Kiá»u

LÆ¡Ì€i hÆ°Ìa.
TÃ´i Ä‘aÌƒ Ä‘Æ¡Ì£i 52 ngaÌ€y Ä‘ÃªÌ‰ tin ráº±ng rÄƒÌ€ng idol coÌ thÃªÌ‰ giÆ°Ìƒ lÆ¡Ì€i hÆ°Ìa vÆ¡Ìi fan.

NhÄƒÌc tÆ¡Ìi hÃ¢Ì£u vÃªÌ£ dÃ¢Ìƒn boÌng kheÌo leÌo, Ã´ng hoaÌ€ng crunch time Madarious Gibbs thiÌ€ coÌ leÌƒ khÃ´ng phaÌ‰i chiÌ‰ mÃ´Ì£t miÌ€nh tÃ´i ngÆ°Æ¡Ìƒng mÃ´Ì£, maÌ€ coÌ rÃ¢Ìt nhiÃªÌ€u fan quaÌ‰ boÌng cam Æ¡Ì‰ maÌ‰nh Ä‘Ã¢Ìt hiÌ€nh chÆ°Ìƒ S naÌ€y yÃªu thiÌch lÃ´Ìi chÆ¡i thÃ´ng minh cuÌ‰a anh Ã¢Ìy.

TrÃ¢Ì£n Ä‘Ã¢Ì€u tiÃªn cuÌ‰a mÃ¹a giáº£i 2023 trÃªn sÃ¢n nhaÌ€ â€œThuÌ‰y cungâ€ Ä‘aÌƒ Ä‘Æ°Æ¡Ì£c â€œAquafansâ€ phuÌ‰ mÃ´Ì£t maÌ€u vaÌ€ng xanh truyÃªÌ€n thÃ´Ìng cuÌ‰a Nha Trang Dolphins khi Ä‘Ã´Ìi Ä‘Ã¢Ì€u vÆ¡Ìi Thang Long Warrios. â€œBeach City Boysâ€ Ä‘aÌƒ khÃ´ng laÌ€m ngÆ°Æ¡Ì€i hÃ¢m mÃ´Ì£ thÃ¢Ìt voÌ£ng khi Ä‘em laÌ£i mÃ´Ì£t chiÃªÌn thÄƒÌng ngoÌ£t ngaÌ€o troÌ€n 100 Ä‘iÃªÌ‰m vaÌ€ Gibbs laÌ€ MVP cuÌ‰a trÃ¢Ì£n Ä‘Ã¢Ìu. KÃªÌt thuÌc trÃ¢Ì£n, khi chuÌ£p aÌ‰nh cuÌ€ng Gibbs tÃ´i Ä‘aÌƒ hoÌ‰i laÌ€: ""MuÌƒ MVP báº¡n tÄƒÌ£ng cho fan thÃ¢Ì£t aÌ€?"" Anh Ã¢Ìy Ä‘aÌƒ traÌ‰ lÆ¡Ì€i vÆ¡Ìi tÃ´i: ""BaÌ£n thiÌch muÌƒ MVP haÌ‰, trÃ¢Ì£n tiÃªÌp theo tÃ´i seÌƒ tÄƒÌ£ng baÌ£n.""

â€œTrÃ¢Ì£n tiÃªÌp theoâ€ tÆ°Æ¡Ì‰ng nhÆ° rÃ¢Ìt gÃ¢Ì€n maÌ€ laÌ£i xa Ä‘ÃªÌn vÃ¢Ì£y. ChuÃ´Ìƒi trÃ¢Ì£n sÃ¢n khaÌch cá»§a Ä‘á»™i vÆ¡Ìi nhiÃªÌ€u nÃ´Ìƒi buÃ´Ì€n thua cuÃ´Ì£c, hoÄƒÌ£c khi Ä‘Ã´Ì£i chiÃªÌn thÄƒÌng thiÌ€ cÃ¢Ì€u thuÌ‰ khaÌc nhÃ¢Ì£n muÌƒ MVP.

Cho Ä‘ÃªÌn ngaÌ€y 29 thaÌng 8, trÃ¢Ì£n Ä‘Ã¢Ìu trÃªn sÃ¢n nhaÌ€ gÄƒÌ£p Cantho Catfish, Gibbs Ä‘Æ°Æ¡Ì£c triple double Ä‘Ã¢Ì€u tiÃªn trong maÌ€u aÌo vaÌ€ng vaÌ€ cuÌƒng Ä‘aÌƒ 2 nÄƒm rÃ´Ì€i anh Ã¢Ìy mÆ¡Ìi Ä‘aÌ£t Ä‘Æ°Æ¡Ì£c chiÌ‰ sÃ´Ì Ä‘áº¹p nhÆ° vÃ¢Ì£y. Sau khi bÆ°Æ¡Ìc ra tÆ°Ì€ khung hiÌ€nh phoÌ‰ng vÃ¢Ìn MVP cuÌ‰a Ä‘aÌ€i truyÃªÌ€n hiÌ€nh VTV Cab, Gibbs Ä‘aÌƒ cÆ¡Ì‰i muÌƒ ra vaÌ€ tÄƒÌ£ng cho tÃ´i. Idol Ä‘aÌƒ nhÆ¡Ì vaÌ€ giÆ°Ìƒ lÆ¡Ì€i hÆ°Ìa vÆ¡Ìi fan duÌ€ cho lÆ¡Ì€i Ä‘aÌƒ noÌi ra gÃ¢Ì€n hai thaÌng trÆ°Æ¡Ìc. Khoáº£nh kháº¯c áº¥y tÃ´i coÌ caÌ‰m giaÌc rÄƒÌ€ng Gibbs khÃ´ng chiÌ‰ laÌ€ mÃ´Ì£t cÃ¢Ì€u thuÌ‰ chÆ¡i hÃªÌt miÌ€nh trÃªn sÃ¢n boÌng maÌ€ coÌ€n laÌ€ mÃ´Ì£t ngÆ°Æ¡Ì€i coÌ nhÃ¢n caÌch tuyÃªÌ£t vÆ¡Ì€i, Ä‘Ã´Ìi xÆ°Ì‰ chÃ¢n thaÌ€nh vÆ¡Ìi fan.

TÃ´i cuÌƒng Ä‘aÌƒ hÆ°Ìa vÆ¡Ìi Gibbs rÄƒÌ€ng tÃ´i seÌƒ uÌ‰ng hÃ´Ì£ anh Ã¢Ìy duÌ€ Æ¡Ì‰ sÃ¢n nhaÌ€ hay sÃ¢n khaÌch, Ä‘oÌ lÃ  Ä‘Ã´Ì£ng lÆ°Ì£c Ä‘á»ƒ tÃ´i Ä‘i HaÌ€ NÃ´Ì£i vaÌ€ SaÌ€i GoÌ€n Ä‘á»“ng hÃ nh cÃ¹ng Ä‘á»™i trong nhÆ°Ìƒng trÃ¢Ì£n Ä‘Ã¢Ìu quan troÌ£ng nhÃ¢Ìt cuÌ‰a Nha Trang Dolphins Æ¡Ì‰ Playoffs vaÌ€ Finals.

Idol giÆ°Ìƒ lÆ¡Ì€i nÃªn fan cuÌƒng vÃ¢Ì£y!

P/s: Photo by Long Nguyá»…n

#VBA #VBA2023 #SOTY",2023-10-07 17:30:05,34,4,"{'thÃ­ch': 90, 'yÃªu thÃ­ch': 59, 'thÆ°Æ¡ng thÆ°Æ¡ng': 20}",169,90,20,59,0,0,0,0
623491633329216,"|ğ‚ğ®ğ¨Ì£Ì‚ğœ ğ­ğ¡ğ¢| ğ’ğ­ğ¨ğ«ğ² ğ¨ğŸ ğ­ğ¡ğ ğ²ğğšğ« - ğ‚ğšÌ‚ğ® ğœğ¡ğ®ğ²ğÌ£Ì‚ğ§ ğœğ®Ì‰ğš ğ§ğšÌ†ğ¦
ğŸŒ± BÃ i dá»± thi cá»§a báº¡n Thá»§y LÃª

NÄƒm 2023 lÃ  nÄƒm Ä‘áº§u tiÃªn tÃ´i biáº¿t Ä‘áº¿n bÃ³ng rá»•. CÃ¡i duyÃªn Ä‘áº¿n vá»›i bÃ³ng rá»• ğŸ€ cá»§a tÃ´i ráº¥t Ä‘áº·c biá»‡t. TÃ´i muá»‘n chia sáº» cÃ¢u chuyá»‡n cá»§a tÃ´i Ä‘áº¿n má»i ngÆ°á»i.

Tá»« trÆ°á»›c Ä‘áº¿n nay, tÃ´ khÃ´ng Ä‘am mÃª báº¥t ká»³ mÃ´n thá»ƒ thao nÃ o. TÃ´i chá»‰ biáº¿t Ä‘áº¿n bÃ³ng rá»• ğŸ€ tá»« thÃ¡ng 4 nhÆ°ng cÅ©ng chá»‰ dá»«ng láº¡i á»Ÿ viá»‡c biáº¿t. Cho Ä‘áº¿n tráº­n táº­p trung cá»§a VBA 2023 ngÃ y 27/6, tÃ´i Ä‘Æ°á»£c Ä‘i xem cÃ¹ng chá»‹ báº¡n, chá»‹ áº¥y lÃ  fan cá»§a Cantho Catfish vÃ  ráº¥t thÃ­ch Michael Soy. TÃ´i khÃ´ng há» biáº¿t Michael Soy lÃ  ai cho Ä‘áº¿n khi tÃ´i xem tráº­n nÃ y. TÃ´i khÃ´ng ngá» ráº±ng mÃ¬nh sáº½ thÃ­ch anh ngay tá»« láº§n Ä‘áº§u, nhÆ° thá»ƒ tiáº¿ng sÃ©t Ã¡i tÃ­nh váº­y ğŸ˜†. TÃ´i báº¯t Ä‘áº§u tÃ¬m hiá»ƒu vá» anh vÃ  anh trá»Ÿ thÃ nh Ä‘á»™ng lá»±c cá»§a tÃ´i. CÃ³ láº½ vá»›i má»i ngÆ°á»i cÃ¢u chuyá»‡n nÃ y ráº¥t bÃ¬nh thÆ°á»ng nhÆ°ng vá»›i tÃ´i nÃ³ ráº¥t Ä‘áº·c biá»‡t. Khoáº£ng thá»i gian Ä‘Ã³, tÃ´i gáº·p khÃ³ khÄƒn trong viá»‡c cÃ¢n báº±ng cáº£m xÃºc, loay hoay khÃ´ng biáº¿t lÃ m tháº¿ nÃ o Ä‘á»ƒ thoÃ¡t ra khá»i nhá»¯ng cáº£m xÃºc tiÃªu cá»±c vÃ  tÃ´i khÃ´ng biáº¿t pháº£i bÆ°á»›c tiáº¿p con Ä‘Æ°á»ng phÃ­a trÆ°á»›c nhÆ° tháº¿ nÃ o ğŸ˜”. Michael Soy nhÆ° lÃ  má»™t tia sÃ¡ng ğŸ”†, chiáº¿u rá»i vÃ o cuá»™c sá»‘ng cá»§a tÃ´i. TÃ´i nhÃ¬n tháº¥y sá»± cá»‘ gáº¯ng cá»§a anh vÃ  tá»± há»i: â€œAnh lÃ m Ä‘Æ°á»£c thÃ¬ tÃ´i cÅ©ng lÃ m Ä‘Æ°á»£c, tÃ´i cÅ©ng sáº½ cá»‘ gáº¯ng Ä‘á»ƒ Ä‘áº¡t Ä‘Æ°á»£c Ä‘iá»u tÃ´i mong muá»‘n nhÆ° anhâ€. CÅ©ng vÃ¬ tháº¿ mÃ  tÃ´i báº¯t Ä‘áº§u Ä‘i há»c bÃ³ng rá»•. LÃºc nÃ y, tÃ´i cÃ ng hiá»ƒu rÃµ hÆ¡n bÃ³ng rá»• khÃ³ Ä‘áº¿n nhÆ° tháº¿ nÃ o vÃ  anh áº¥y Ä‘Ã£ pháº£i cá»‘ gáº¯ng ra sao.

BÃ³ng rá»• quáº£ thá»±c ráº¥t Ä‘áº·c biá»‡t. TÃ´i sáº½ tiáº¿p tá»¥c á»§ng há»™ vÃ  theo dÃµi anh Soy trong sá»± nghiá»‡p bÃ³ng rá»• sau nÃ y. VÃ  cÅ©ng sáº½ tiáº¿p tá»¥c lÃ  fan trung thÃ nh cá»§a VBA.

ğŸ”¥ HÃ£y cÃ¹ng tham gia Ä‘á»ƒ chia sáº» nhá»¯ng cáº£m xÃºc cÃ¡ nhÃ¢n vá» VBA 2023 (cÃ³ thá»ƒ lÃ  láº§n Ä‘áº§u tiÃªn gáº·p crush trÃªn sÃ¢n, Ä‘Æ°á»£c truyá»n cáº£m há»©ng vá» má»™t cÃ´ng viá»‡c thuá»™c giáº£i Ä‘áº¥u hoáº·c khi táº­n hÆ°á»Ÿng báº§u khÃ´ng khÃ­ cuá»“ng nhiá»‡t cÃ¹ng nhá»¯ng ngÆ°á»i báº¡n chung Ä‘am mÃª...) vÃ  nháº­n giáº£i thÆ°á»Ÿng lÃ  cÃ¡c pháº§n quÃ  trá»‹ giÃ¡ hÆ¡n 3 triá»‡u tá»« VBA thÃ´i cÃ¡c Ballers Æ¡i!

ğŸ”¥ Ballers cÃ³ thá»ƒ dÃ¹ng biá»‡t danh Ä‘á»ƒ dá»± thi nÃªn Ä‘á»«ng ngáº§n ngáº¡i chia sáº» vá»›i VBA nha!

#VBA #VBA2023 #SOTY",2023-10-07 12:00:06,1,2,"{'thÃ­ch': 22, 'yÃªu thÃ­ch': 10, 'thÆ°Æ¡ng thÆ°Æ¡ng': 2}",34,22,2,10,0,0,0,0
623150053363374,"|ğ‚ğ®ğ¨Ì£Ì‚ğœ ğ­ğ¡ğ¢| ğ’ğ­ğ¨ğ«ğ² ğ¨ğŸ ğ­ğ¡ğ ğ²ğğšğ« - ğ‚ğšÌ‚ğ® ğœğ¡ğ®ğ²ğÌ£Ì‚ğ§ ğœğ®Ì‰ğš ğ§ğšÌ†ğ¦
ğŸ‘¨â€ğŸ‘¦â€ğŸ‘¦ BÃ i dá»± thi cá»§a báº¡n Jordan2509

HÃ  Ná»™i ngÃ y 08.08.2023, tráº­n Ä‘áº¥u Derby giá»¯a 2 Ä‘á»™i bÃ³ng cá»§a Thá»§ Ä‘Ã´: Hanoi Buffaloes vÃ  Thang Long Warriors diá»…n ra tháº­t gay cáº¥n. MÃ¬nh Ä‘i cÃ¹ng 2 con trai vÃ  Ä‘Æ°á»£c vÃ o hoÃ n cáº£nh: má»—i báº¡n cá»• vÅ© 1 Ä‘á»™i bÃ³ng. Báº¡n lá»›n thÃ¬ Ä‘am mÃª Ä‘á»™i bÃ³ng Thang Long Warriors, cÃ²n báº¡n bÃ© thÃ¬ cá»• vÅ© cho Ä‘á»™i Hanoi Buffaloes. Vá»›i mÃ¬nh, má»—i Ä‘á»™i bÃ³ng Ä‘á»u gáº¯n vá»›i nhá»¯ng kÃ½ á»©c mÃ  phong trÃ o bÃ³ng rá»• á»Ÿ HÃ  Ná»™i cÃ³ cÃ¡ch Ä‘Ã¢y hÆ¡n 25 nÄƒm vá»›i nhiá»u ká»· niá»‡m ngá»t ngÃ o.

NgÃ y Ä‘Ã³, phong trÃ o bÃ³ng rá»• trong há»c sinh sinh viÃªn táº¡i HÃ  Ná»™i báº¯t Ä‘áº§u phÃ¡t triá»ƒn. Nhá»¯ng giáº£i thi Ä‘áº¥u cáº¥p thÃ nh phá»‘ giá»¯a cÃ¡c Ä‘á»™i Ä‘áº¡i diá»‡n cÃ¡c trÆ°á»ng PTTH vÃ  Äáº¡i há»c thÆ°á»ng xuyÃªn diá»…n ra. NÄƒm 1997 Ä‘á»™i bÃ³ng rá»• trÆ°á»ng HÃ  Ná»™i-Amsterdam cá»§a mÃ¬nh Ä‘Ã£ chiáº¿n tháº¯ng cÃ¡c Ä‘á»™i bÃ³ng Ä‘áº¿n tá»« cÃ¡c trÆ°á»ng Äáº¡i há»c vÃ  lÃªn ngÃ´i vÃ´ Ä‘á»‹ch giáº£i bÃ³ng rá»• Há»c sinh-Sinh viÃªn toÃ n quá»‘c. CÃ¹ng nÄƒm Ä‘Ã³ vÃ  nhá»¯ng nÄƒm sau: mÃ¬nh vÃ  Ä‘á»™i bÃ³ng rá»• HÃ  Ná»™i-Amsterdam tiáº¿p tá»¥c giÃ nh nhá»¯ng giáº£i vÃ´ Ä‘á»‹ch cáº¥p thÃ nh phá»‘ dÃ nh cho cÃ¡c trÆ°á»ng PTTH.

Nhá»¯ng ká»· niá»‡m Ä‘áº¹p vá» bÃ³ng rá»• Ä‘Ã³ cá»© Ã¹a vá» má»—i khi Ä‘Æ°á»£c cÃ¹ng 2 con trai ra sÃ¢n thÆ°á»Ÿng thá»©c nhá»¯ng tráº­n Ä‘áº¥u gay cáº¥n náº£y lá»­a trong há»‡ thá»‘ng giáº£i VBA. MÃ¬nh cÃ¡m Æ¡n bÃ³ng rá»• lÃ  Ä‘iá»ƒm káº¿t ná»‘i Ä‘á»ƒ 3 bá»‘ con thÃªm yÃªu thÆ°Æ¡ng nhau vÃ  truyá»n cáº£m há»©ng cho cÃ¡c con. Báº¡n lá»›n giá» Ä‘Ã¢y Ä‘Ã£ lÃ  1 thÃ nh viÃªn trong Ä‘á»™i bÃ³ng rá»• Hulk cá»§a ASA cÃ²n báº¡n bÃ© thÃ¬ Ä‘Ã£ tham gia Ä‘á»™i bÃ³ng HNBA. CÃ¡m Æ¡n bÃ³ng rá»•, cÃ¡m Æ¡n VBA, nÆ¡i ngáº­p trÃ n yÃªu thÆ°Æ¡ng.

ğŸ”¥ HÃ£y cÃ¹ng tham gia Ä‘á»ƒ chia sáº» nhá»¯ng cáº£m xÃºc cÃ¡ nhÃ¢n vá» VBA 2023 (cÃ³ thá»ƒ lÃ  láº§n Ä‘áº§u tiÃªn gáº·p crush trÃªn sÃ¢n, Ä‘Æ°á»£c truyá»n cáº£m há»©ng vá» má»™t cÃ´ng viá»‡c thuá»™c giáº£i Ä‘áº¥u hoáº·c khi táº­n hÆ°á»Ÿng báº§u khÃ´ng khÃ­ cuá»“ng nhiá»‡t cÃ¹ng nhá»¯ng ngÆ°á»i báº¡n chung Ä‘am mÃª...) vÃ  nháº­n giáº£i thÆ°á»Ÿng lÃ  cÃ¡c pháº§n quÃ  trá»‹ giÃ¡ hÆ¡n 3 triá»‡u tá»« VBA thÃ´i cÃ¡c Ballers Æ¡i!

ğŸ”¥ Ballers cÃ³ thá»ƒ dÃ¹ng biá»‡t danh Ä‘á»ƒ dá»± thi nÃªn Ä‘á»«ng ngáº§n ngáº¡i chia sáº» vá»›i VBA nha!

#VBA #VBA2023 #SOTY",2023-10-06 20:44:59,33,4,"{'thÃ­ch': 140, 'yÃªu thÃ­ch': 32}",172,140,0,32,0,0,0,0
623049816706731,"[ğ“ğ‡ğ€ğğŠ ğ˜ğğ” - BHD] ğŸ€

ğŸ«¶ VBA xin hÃ¢n háº¡nh cáº£m Æ¡n BHD Star Cineplex â€“ Äá»‘i tÃ¡c Ä‘á»“ng hÃ nh phÃ¡t triá»ƒn thÆ°Æ¡ng hiá»‡u trong mÃ¹a giáº£i VBA 5x5 2023.

ğŸ€ Sá»± gÃ³p máº·t cá»§a BHD Ä‘Ã£ mang Ä‘áº¿n nhiá»u pháº§n quÃ , Æ°u Ä‘Ã£i háº¥p dáº«n cho cÃ¡cXem thÃªm fan bÃ³ng rá»• sau nhá»¯ng phÃºt giÃ¢y gÃ¢y cáº¥n xem thi Ä‘áº¥u. BÃªn cáº¡nh Ä‘Ã³, BHD Ä‘Ã£ Ä‘á»“ng hÃ nh cÃ¹ng VBA lan tá»a nhá»¯ng khoáº£nh kháº¯c hÃ o há»©ng cá»§a cÃ¡c fan hÃ¢m má»™ vÃ  váº­n Ä‘á»™ng viÃªn.

ğŸ¤ VBA xin chÃºc cho BHD phÃ¡t triá»ƒn ngÃ y cÃ ng lá»›n máº¡nh vÃ  hy vá»ng hai bÃªn sáº½ cÃ³ cÆ¡ há»™i Ä‘á»“ng hÃ nh cÃ¹ng nhau trong nhá»¯ng giáº£i Ä‘áº¥u sáº¯p tá»›i.

#VBA #VBA2023 #BHD #BHDStar",2023-10-06 16:39:06,0,0,"{'thÃ­ch': 30, 'yÃªu thÃ­ch': 3}",33,30,0,3,0,0,0,0
622466443431735,"[ğ“ğ‡ğ€ğğŠ ğ˜ğğ” - Vifa Sport]

ğŸ«¶VBA xin chÃ¢n thÃ nh gá»­i lá»i cáº£m Æ¡n Ä‘áº¿n VIá»†T PHÃP - VifaSport - NhÃ  Sáº£n Xuáº¥t Dá»¥ng Cá»¥ Thá»ƒ Thao ChuyÃªn Nghiá»‡p

ğŸ€LÃ  thÆ°Æ¡ng hiá»‡u cung cáº¥p dá»¥ng cá»¥ thá»ƒ thao hÃ ng Ä‘áº§u Viá»‡t Nam, cÃ¡c trá»¥ rá»• cá»§aXem thÃªm Vifa Ä‘Æ°á»£c thiáº¿t káº¿ theo chuáº©n FIBA, luÃ´n mang Ä‘áº¿n cáº£m giÃ¡c an toÃ n cho cÃ¡c cáº§u thá»§. Äá»™ cháº¯c cháº¯n cá»§a trá»¥ rá»• luÃ´n Ä‘Æ°á»£c thá»ƒ hiá»‡n qua nhiá»u cÃº Slam Dunk Ä‘áº¹p máº¯t, mÃ£n nhÃ£n cho khÃ¡n giáº£.

ğŸ¤VBA xin chÃºc cho Vifa Sport phÃ¡t triá»ƒn ngÃ y cÃ ng lá»›n máº¡nh vÃ  hy vá»ng hai bÃªn sáº½ cÃ³ cÆ¡ há»™i Ä‘á»“ng hÃ nh cÃ¹ng nhau trong nhá»¯ng giáº£i Ä‘áº¥u sáº¯p tá»›i.

#VBA #VBA2023 #Thankyou #Vifasport",2023-10-05 16:44:39,1,0,"{'thÃ­ch': 40, 'yÃªu thÃ­ch': 10}",50,40,0,10,0,0,0,0
622418846769828,"[THANK YOU - California Fitness & Yoga Centers Vietnam] ğŸ€

ğŸ¤VBA xin cáº£m Æ¡n sá»± Ä‘á»“ng hÃ nh cá»§a California Fitness & Yoga Centers Vietnam trong suá»‘t mÃ¹a giáº£i VBA 5x5 2023, Ä‘Ã£ táº¡o Ä‘iá»u kiá»‡n cho cÃ¡c váº­n Ä‘á»™ng viÃªn Ä‘Æ°á»£cXem thÃªm rÃ¨n luyá»‡n thá»ƒ hÃ¬nh, duy trÃ¬ sá»©c khá»e á»•n Ä‘á»‹nh trong suá»‘t lá»‹ch trÃ¬nh thi Ä‘áº¥u cÄƒng tháº³ng.

ğŸ«¶VBA xin chÃºc cho California Fitness & Yoga Centers Vietnam phÃ¡t triá»ƒn ngÃ y cÃ ng lá»›n máº¡nh vÃ  hy vá»ng hai bÃªn sáº½ cÃ³ cÆ¡ há»™i Ä‘á»“ng hÃ nh cÃ¹ng nhau trong nhá»¯ng giáº£i Ä‘áº¥u sáº¯p tá»›i.

#California #VBA #VBA2023 #CaliforniaFitnessFestival #Má»™tÄá»iSá»‘ngKhá»e #OneLifeLiveWell #Má»™tÄá»iKeooo #Má»™tÄá»iVuiii #Má»™tÄá»iKhá»eee",2023-10-05 14:30:03,1,0,"{'thÃ­ch': 26, 'yÃªu thÃ­ch': 9}",35,26,0,9,0,0,0,0
622051493473230,"|ğ‚ğ®ğ¨Ì£Ì‚ğœ ğ­ğ¡ğ¢| ğ’ğ­ğ¨ğ«ğ² ğ¨ğŸ ğ­ğ¡ğ ğ²ğğšğ« - ğ‚ğšÌ‚ğ® ğœğ¡ğ®ğ²ğÌ£Ì‚ğ§ ğœğ®Ì‰ğš ğ§ğšÌ†ğ¦
ğŸ¯ BÃ i dá»± thi cá»§a báº¡n NguyenThuyr

Äáº¿n vá»›i VBA Ä‘Ã£ trÃ²n 1 nÄƒm, cÅ©ng lÃ  trÃ²n 1 nÄƒm Ä‘áº¿n vá»›i Saigon Heat vÃ  Saigon Heat Fanclub. Khi má»i ngÆ°á»i há»i mÃ¬nh ráº±ng: â€œVÃ¬ sao mÃ¬nh thÃ­ch Saigon Heatâ€, mÃ¬nh tráº£ lá»i ráº±ng: â€œThá»±c ra lÃ  mÃ¬nh thÃ­ch Saigon Heat Fanclub, vÃ  yÃªu ngay tá»« cÃ¡i nhÃ¬n Ä‘áº§u tiÃªnâ€œ.

CÃ³ láº½ má»i ngÆ°á»i sáº½ tháº¥y ngÆ°á»£c, vÃ¬ thÃ´ng thÆ°á»ng sáº½ lÃ  thÃ­ch 1 Ä‘á»™i bÃ³ng nÃ o Ä‘Ã³ hoáº·c cáº§u thá»§ nÃ o Ä‘Ã³ rá»“i má»›i gia nháº­p Fanclubs, nhÆ°ng mÃ¬nh thÃ¬ ngÆ°á»£c láº¡i, mÃ¬nh Ä‘Ã£ khÃ´ng thá»ƒ cÆ°á»¡ng láº¡i ngá»n lá»­a nhiá»‡t huyáº¿t toáº£ ra tá»« khÃ¡n Ä‘Ã i cá»§a CIS, nháº¥t lÃ  khu vá»±c Heatzone. ÄÃ³ lÃ  quÃ£ng thá»i gian mÃ¬nh má»›i tá»›i thÃ nh phá»‘ Há»“ ChÃ­ Minh Ä‘Æ°á»£c 3 thÃ¡ng vÃ  Ä‘ang máº¥t Ä‘i sá»± cÃ¢n báº±ng cá»§a báº£n thÃ¢n, cÅ©ng lÃ  quÃ£ng thá»i gian mÃ¬nh khao khÃ¡t tÃ¬m cÃ¡ch tháº¯p sÃ¡ng láº¡i ngá»n lá»­a bÃªn trong mÃ¬nh, vÃ  mÃ¬nh Ä‘Ã£ gáº·p Saigon Heat FC, sá»± khao khÃ¡t cá»§a mÃ¬nh Ä‘Ã£ Ä‘Æ°á»£c láº¯ng nghe vÃ  Ä‘Ã¡p láº¡i.

Gáº·p Ä‘Æ°á»£c má»™t táº­p thá»ƒ, má»™t mÃ´i trÆ°á»ng vÄƒn minh, lá»‹ch sá»±, tá»‰nh tÃ¡o - Ä‘Ã³ lÃ  má»™t mÃ³n quÃ . ÄÆ°á»£c Ä‘á»“ng hÃ nh cÃ¹ng nguá»“n nÄƒng lÆ°á»£ng tÃ­ch cá»±c, nhiá»‡t huyáº¿t vÃ  cÃ¹ng nhau lan toáº£ thÃ¬ Ä‘Ã³ lÃ  má»™t may máº¯n lá»›n Ä‘á»‘i vá»›i mÃ¬nh.

CÃ¡m Æ¡n VBA, Saigon Heat vÃ  Saigon Heat Fanclub Ä‘Ã£ cho mÃ¬nh cÆ¡ há»™i Ä‘Æ°á»£c lÃ  1 pháº§n nhá» bÃ© trong báº¡n!

ğŸ”¥ HÃ£y cÃ¹ng tham gia Ä‘á»ƒ chia sáº» nhá»¯ng cáº£m xÃºc cÃ¡ nhÃ¢n vá» VBA 2023 (cÃ³ thá»ƒ lÃ  láº§n Ä‘áº§u tiÃªn gáº·p crush trÃªn sÃ¢n, Ä‘Æ°á»£c truyá»n cáº£m há»©ng vá» má»™t cÃ´ng viá»‡c thuá»™c giáº£i Ä‘áº¥u hoáº·c khi táº­n hÆ°á»Ÿng báº§u khÃ´ng khÃ­ cuá»“ng nhiá»‡t cÃ¹ng nhá»¯ng ngÆ°á»i báº¡n chung Ä‘am mÃª...) vÃ  nháº­n giáº£i thÆ°á»Ÿng lÃ  cÃ¡c pháº§n quÃ  trá»‹ giÃ¡ hÆ¡n 3 triá»‡u tá»« VBA thÃ´i cÃ¡c Ballers Æ¡i!

ğŸ”¥ Ballers cÃ³ thá»ƒ dÃ¹ng biá»‡t danh Ä‘á»ƒ dá»± thi nÃªn Ä‘á»«ng ngáº§n ngáº¡i chia sáº» vá»›i VBA nha!

#VBA #VBA2023 #SOTY",2023-10-04 20:30:00,1,2,"{'thÃ­ch': 37, 'yÃªu thÃ­ch': 47, 'thÆ°Æ¡ng thÆ°Æ¡ng': 1}",85,37,1,47,0,0,0,0
621970930147953,"[ğ“ğ‡ğ€ğğŠ ğ˜ğğ” - Play Nutrition] ğŸ«¶

ğŸ€ VBA xin chÃ¢n thÃ nh gá»­i lá»i cáº£m Æ¡n Ä‘áº¿n Ä‘á»‘i tÃ¡c dinh dÆ°á»¡ng cá»§a mÃ¹a giáº£i VBA 2023 - PLAY NUTRITION .

ğŸ€ VBA ráº¥t háº¡nh khi cÃ³ thÃªm má»™t mÃ¹a giáº£i ná»¯a Ä‘Æ°á»£c Ä‘á»“ng hÃ nh cÃ¹ng vá»›i PlayXem thÃªm Nutrition. Sá»± há»£p tÃ¡c cá»§a Play Nutrition Ä‘Ã£ gÃ³p pháº§n cung cáº¥p bá»¯a Äƒn nháº¹ báº±ng Thanh NÄƒng LÆ°á»£ng PLAY tiá»‡n lá»£i, thÆ¡m ngon, Ä‘a dáº¡ng mÃ¹i vá»‹ cho cÃ¡c Cáº§u Thá»§ vÃ  Ban Huáº¥n Luyá»‡n trong quÃ¡ trÃ¬nh táº­p luyá»‡n vÃ  thi Ä‘áº¥u xuyÃªn suá»‘t Giáº£i VBA 2023.

ğŸ€ VBA xin chÃºc cho Play Nutrition phÃ¡t triá»ƒn ngÃ y cÃ ng lá»›n máº¡nh vÃ  hy vá»ng hai bÃªn sáº½ cÃ³ cÆ¡ há»™i Ä‘á»“ng hÃ nh cÃ¹ng nhau trong nhá»¯ng giáº£i Ä‘áº¥u sáº¯p tá»›i.

#VBA #VBA2023 #Thankyou #PLAYNutrition #ThanhNÄƒngLÆ°á»£ngPLAY #PLAYEnergyBar",2023-10-04 16:56:27,0,1,"{'thÃ­ch': 28, 'yÃªu thÃ­ch': 7, 'thÆ°Æ¡ng thÆ°Æ¡ng': 1}",36,28,1,7,0,0,0,0
621381610206885,"ğ•ğğ€ ğ€ğ–ğ€ğ‘ğƒğ’ ğŸğŸğŸğŸ‘ - MOMENT OF GLORY l Khoáº£nh kháº¯c áº¥n tÆ°á»£ng
Favourite player of the year - Cáº§u thá»§ Ä‘Æ°á»£c yÃªu thÃ­ch nháº¥t nÄƒm
1/ Äinh Thanh TÃ¢m - Hanoi Buffaloes
2/ Pháº¡m Nháº­t ThÃ¡i Quang - Thang Long Warriors
3/Xem thÃªm William Tran - Danang Dragons
4/ Dominique Tham - Nha Trang Dolphins
5/ VÃµ Kim Báº£n - Saigon Heat
6/ Vincent Nguyá»…n - Ho Chi Minh City Wings
7/ Michael Soy - Cantho Catfish

Cáº­p nháº­t: Cáº§u thá»§ cÃ³ tá»•ng lÆ°á»£t bÃ¬nh chá»n cao nháº¥t tá»« Fan sáº½ lÃ  ngÆ°á»i chiáº¿n tháº¯ng táº¡i háº¡ng má»¥c Ä‘Æ°á»£c bÃ¬nh chá»n. Káº¿t quáº£ sáº½ Ä‘Æ°á»£c cÃ´ng bá»‘ táº¡i Ä‘Ãªm trao giáº£i VBA AWARDS 2023.

Háº¡n báº§u chá»n: 03/10 - 23h59, ngÃ y 08/10
CÃ¡ch tÃ­nh Ä‘iá»ƒm bÃ¬nh chá»n nhÆ° sau:
1 tÃ i khoáº£n comment ""TÃªn cáº§u thá»§ - Äá»™i bÃ³ng"" táº¡i post nÃ y = 1 phiáº¿u

#VBA #VBA2023 #VBAAwards2023 #Petrolimex",2023-10-03 12:30:04,1578,30,"{'thÃ­ch': 1067, 'yÃªu thÃ­ch': 460, 'haha': 4, 'wow': 1, 'thÆ°Æ¡ng thÆ°Æ¡ng': 10}",1542,1067,10,460,4,0,1,0
610861514592228,"VBA FINALS 2023 ğŸ†

â€”â€”â€”â€”â€”â€”
Äáº¶T VÃ‰ NGAY Táº I: https://ticket.vba.vn
BXH - Lá»‹ch thi Ä‘áº¥u: http://vba.vn/
Follow kÃªnh TikTok vÃ  Instagram: vba_officialvn
Follow kÃªnh Youtube: https://youtube.com/@vbaofficial

#VBA #Xem thÃªmVBA2023 #VBF #VTVcab #Petrolimex #Anta #CaolongRungtocNhansamDo #PJICO #PlayNutrition #Givral #Spalding #McDonalds #California #VifaSport #IRC #BHDStar",2023-09-15 20:05:03,12,5,"{'thÃ­ch': 214, 'yÃªu thÃ­ch': 85, 'thÆ°Æ¡ng thÆ°Æ¡ng': 2}",301,214,2,85,0,0,0,0
606368185041561,"4 TEAMS - 1 CHAMP ğŸ†
â€”â€”â€”â€”â€”â€”
Äáº¶T VÃ‰ NGAY Táº I: https://ticket.vba.vn
BXH vÃ  lá»‹ch thi Ä‘áº¥u: http://vba.vn/
Follow kÃªnh TikTok vÃ  Instagram: vba_officialvn
Follow kÃªnh Youtube: https://youtube.com/@VBAofficial
#VBA #Xem thÃªmVBA2023 #VBF #VTVcab #Anta #CaolongRungtocNhansamDo #PlayNutrition #Spalding #Revive #McDonalds #California #VifaSport #IRC #BHDStar",2023-09-08 15:00:54,2,2,"{'thÃ­ch': 97, 'yÃªu thÃ­ch': 26, 'wow': 1}",124,97,0,26,0,0,1,0
599791245699255,Thang Long Wariors by PJICO 42 - 32 Saigon Heat l HALF - Game 58,2023-08-27 20:32:47,0,0,{'like': 17},17,0,0,0,0,0,0,0
599221042422942,Highlights tuÌ›Ì€ hai hieÌ£Ì‚p Ä‘aÌ‚Ìu Ä‘aÌ‚Ì€u tieÌ‚n cuÌ‰a Game 57 giuÌ›Ìƒa Danang Dragons - Ho Chi Minh City Wings,2023-08-26 20:46:58,0,0,{'like': 11},11,0,0,0,0,0,0,0
598635269148186,"Game 56 - Half: Cantho Catfish 30 - 31 Hanoi Buffaloes
Udun Osakue (9 PTS - 3 REB - 2 AST)
Brachon Griffin (10 PTS - 5 REB)
Cáº£ hai Ä‘á»™i bÃ³ng Ä‘á»u gáº·p ráº¥t nhiá»u khÃ³ khÄƒn khi cÃ¡c tay nÃ©m chÆ°a tháº­t sá»± vÃ o tay.
SauXem thÃªm hai hiá»‡p Ä‘áº¥u Ä‘áº§u tiÃªn, Hanoi Buffaloes lÃ  Ä‘á»™i Ä‘ang cÃ³ Ä‘Æ°á»£c lá»£i tháº¿ mong manh vá»›i 1 Ä‘iá»ƒm dáº«n trÆ°á»›c. Liá»‡u Cantho Catfish vÃ  Hanoi Buffaloes cÃ³ thá»ƒ tÃ¬m láº¡i cáº£m giÃ¡c nÃ©m á»Ÿ hai hiá»‡p Ä‘áº¥u sau?

â€”â€”â€”â€”â€”â€”
Äáº¶T VÃ‰ NGAY Táº I: https://ticket.vba.vn
BXH - Lá»‹ch thi Ä‘áº¥u: http://vba.vn/
Follow kÃªnh TikTok vÃ  Instagram: vba_officialvn
Follow kÃªnh Youtube: https://youtube.com/@vbaofficial
#VBA #VBA2023 #VBF #VTVcab #Anta #CaolongRungtocNhansamDo #PJICO #PlayNutrition #Givral #Spalding #McDonalds #California #VifaSport #IRC #BHDStar",2023-08-25 20:35:17,0,0,{'like': 27},27,0,0,0,0,0,0,0
595929382752108,Game 53- Player of The Game: NguyeÌ‚Ìƒn PhuÌc Vinh (11 PTS - 7 REB - 3 STL),2023-08-20 22:15:02,0,0,{'like': 34},34,0,0,0,0,0,0,0
595872632757783,"Robert Sampson vaÌ€ Yevgen Sakhniuk ""aÌ†n mieÌ‚Ìng traÌ‰ mieÌ‚Ìng"" #VBA #VBA2023",2023-08-20 20:24:15,0,0,{'like': 9},9,0,0,0,0,0,0,0
595862239425489,"TraÌ‚Ì€n VaÌ†n Trung ""Ä‘uÌ›Ìng khoÌ‚ng vuÌ›Ìƒng"" truÌ›oÌ›Ìc Madarious Gibbs #VBA #VBA2023",2023-08-20 19:56:52,0,0,{'like': 10},10,0,0,0,0,0,0,0
594789379532775,Danang Dragons khoÌ›Ì‰i Ä‘aÌ‚Ì€u traÌ£Ì‚n Ä‘aÌ‚Ìu voÌ›Ìi chuoÌ‚Ìƒi run 7-0,2023-08-18 19:53:26,0,0,{'like': 13},13,0,0,0,0,0,0,0
590270016651378,"THá»¨ NÄ‚M Rá»’I! CÃ™NG CHÃ€O ÄÃ“N BST HAPPY MEAL Äáº¾N Tá»ª McDonald's

#VBA #VBA2023 #McDonaldsVietnam #ThÃªmGáº¯nKáº¿tThÃªmVui",2023-08-10 15:37:30,0,0,{'like': 12},12,0,0,0,0,0,0,0
589836180028095,Highlight nuÌ›Ì‰a Ä‘aÌ‚Ì€u traÌ£Ì‚n Ä‘aÌ‚Ìu giuÌ›Ìƒa Danang Dragons - Cantho Catfish,2023-08-09 20:45:15,0,0,{'like': 24},24,0,0,0,0,0,0,0
589820010029712,Jairus Holder giuÌp Danang Dragons vuÌ›oÌ›n leÌ‚n daÌ‚Ìƒn truÌ›oÌ›Ìc sau 10 phuÌt thi Ä‘aÌ‚Ìu,2023-08-09 20:05:54,0,0,{'like': 10},10,0,0,0,0,0,0,0
589817933363253,Danang Dragons Ä‘ang thi Ä‘aÌ‚Ìu raÌ‚Ìt toÌ‚Ìt oÌ›Ì‰ hieÌ£Ì‚p Ä‘aÌ‚Ìu Ä‘aÌ‚Ì€u tieÌ‚n,2023-08-09 19:59:53,0,0,{'like': 19},19,0,0,0,0,0,0,0
589265270085186,Anthony January ghi 16 treÌ‚n toÌ‚Ì‰ng soÌ‚Ì 18 Ä‘ieÌ‚Ì‰m cuÌ‰a Hanoi Buffaloes,2023-08-08 20:04:57,0,0,{'like': 22},22,0,0,0,0,0,0,0
589263120085401,CaÌ‰ hai Ä‘aÌ£i dieÌ£Ì‚n cuÌ‰a ThuÌ‰ Ä‘oÌ‚ Ä‘ang lieÌ‚n tuÌ£c aÌ†n mieÌ‚Ìng traÌ‰ mieÌ‚Ìng trong hieÌ£Ì‚p 1,2023-08-08 19:58:45,0,0,{'like': 19},19,0,0,0,0,0,0,0
587403336938046,Nha Trang Dolphins quay troÌ›Ì‰ laÌ£i traÌ£Ì‚n Ä‘aÌ‚Ìu voÌ›Ìi chuoÌ‚Ìƒi run Ä‘ieÌ‚Ì‰m cuÌ‰a rieÌ‚ng miÌ€nh,2023-08-05 21:09:16,0,0,{'like': 15},15,0,0,0,0,0,0,0
587396993605347,ChuoÌ‚Ìƒi run Ä‘ieÌ‚Ì‰m giuÌp Thang Long Warriors by PJICO boÌ‰ xa Ä‘oÌ‚Ìi thuÌ‰ oÌ›Ì‰ Ä‘aÌ‚Ì€u hieÌ£Ì‚p 3,2023-08-05 20:55:19,0,0,{'like': 17},17,0,0,0,0,0,0,0
587387046939675,CuÌ€ng xem laÌ£i nhuÌ›Ìƒng tiÌ€nh huoÌ‚Ìng Ä‘aÌng chuÌ yÌ cuÌ‰a hai hieÌ£Ì‚p Ä‘aÌ‚Ìu Ä‘aÌ‚Ì€u tieÌ‚n cuÌ‰a Game 42,2023-08-05 20:38:14,0,0,{'like': 10},10,0,0,0,0,0,0,0
587377803607266,"BeÌ‚n phiÌa Thang Long Warriors by PJICO, Sameen Swint cuÌƒng Ä‘ang coÌ cho miÌ€nh moÌ£Ì‚t traÌ£Ì‚n Ä‘aÌ‚Ìu raÌ‚Ìt hieÌ£Ì‚u quaÌ‰",2023-08-05 20:18:42,0,0,{'like': 17},17,0,0,0,0,0,0,0
587364303608616,John Fields vaÌ€ Sameen Swint voÌ›Ìi hai cuÌ block lieÌ‚n tieÌ‚Ìp!,2023-08-05 19:53:04,0,0,{'like': 11},11,0,0,0,0,0,0,0
586588290352884,Top 5 TÃ¬nh huá»‘ng Block Ä‘áº¹p máº¯t - Week 5 l VBA 2023,2023-08-04 18:00:08,0,0,{'like': 17},17,0,0,0,0,0,0,0
585740460437667,Robert Sampson voÌ›Ìi cuÌ uÌp roÌ‚Ì‰ duÌƒng maÌƒnh!,2023-08-02 21:10:37,0,0,{'like': 35},35,0,0,0,0,0,0,0
585739097104470,Highlight hieÌ£Ì‚p thi Ä‘aÌ‚Ìu thuÌ›Ì 3 cuÌ‰a traÌ£Ì‚n Ä‘aÌ‚Ìu giuÌ›Ìƒa Ho Chi Minh City Wings - Nha Trang Dolphins,2023-08-02 21:07:29,0,0,{'like': 9},9,0,0,0,0,0,0,0
585713933773653,Highlight hieÌ£Ì‚p Ä‘aÌ‚Ìu thuÌ›Ì nhaÌ‚Ìt cuÌ‰a game 40: Ho Chi Minh City Wings - Nha Trang Dolphins,2023-08-02 20:11:44,0,0,{'like': 11},11,0,0,0,0,0,0,0
585710747107305,CuÌ block cuÌ‰a PhuÌc Vinh daÌ€nh cho Vincent Nguyen!,2023-08-02 20:02:52,0,0,{'like': 14},14,0,0,0,0,0,0,0
585181120493601,Joshua Keyes Ä‘ang taÌ£Ì‚n duÌ£ng toÌ‚Ìt khoaÌ‰ng thoÌ›Ì€i gian John Fields khoÌ‚ng coÌ treÌ‚n saÌ‚n,2023-08-01 21:05:15,0,0,{'like': 23},23,0,0,0,0,0,0,0
585169013828145,Cantho Catfish Ä‘ang laÌ€ Ä‘oÌ£Ì‚i khoÌ›Ì‰i Ä‘aÌ‚Ì€u toÌ‚Ìt hoÌ›n oÌ›Ì‰ hieÌ£Ì‚p 3 voÌ›Ìi hai tiÌ€nh huoÌ‚Ìng neÌm xa thaÌ€nh coÌ‚ng lieÌ‚n tieÌ‚Ìp,2023-08-01 20:50:43,0,0,{'like': 17},17,0,0,0,0,0,0,0
585163887161991,Highlights hai hieÌ£Ì‚p Ä‘aÌ‚Ìu Ä‘aÌ‚Ì€u tieÌ‚n traÌ£Ì‚n Ä‘aÌ‚Ìu giuÌ›Ìƒa Thang Long Warriors by PJICO - Cantho Catfish,2023-08-01 20:39:37,0,0,{'like': 11},11,0,0,0,0,0,0,0
584324573912589,"ğ•ğğ€ ğŸğŸğŸğŸ‘ ğŸ€ğŸ†

#VBA #VBA2023 #VBF #VTVcab #Anta #CaolongRungtocNhansamDo #PJICO #PlayNutrition #Spalding #Timo #McDonaldsVietnam #California #VifaSport #irc #BHD",2023-07-31 10:23:56,0,0,"{'thÃ­ch': 110, 'yÃªu thÃ­ch': 11, 'haha': 5, 'thÆ°Æ¡ng thÆ°Æ¡ng': 2}",128,110,2,11,5,0,0,0
582883144056732,Highlight hieÌ£Ì‚p thi Ä‘aÌ‚Ìu thuÌ›Ì 3 cuÌ‰a traÌ£Ì‚n chieÌ‚Ìn giuÌ›Ìƒa City Wings vaÌ€ Catfish,2023-07-28 21:14:22,0,0,{'like': 18},18,0,0,0,0,0,0,0
582875880724125,Highlight hai hieÌ£Ì‚p Ä‘aÌ‚Ìu Ä‘aÌ‚Ì€u tieÌ‚n cuÌ‰a Game 36,2023-07-28 20:57:04,0,0,{'like': 14},14,0,0,0,0,0,0,0
582863824058664,Pha leÌ‚n roÌ‚Ì‰ cuÌ›Ì£c khoÌ oÌ›Ì‰ nhuÌ›Ìƒng giaÌ‚y cuoÌ‚Ìi cuÌ‰a Vincent Nguyen,2023-07-28 20:37:59,0,0,{'like': 14},14,0,0,0,0,0,0,0
582841987394181,NhuÌ›Ìƒng tiÌ€nh huoÌ‚Ìng Ä‘aÌng chuÌ yÌ cuÌ‰a hieÌ£Ì‚p 1 game 36 giuÌ›Ìƒa Ho Chi Minh City Wings - Cantho Catfish,2023-07-28 20:10:57,0,0,{'like': 9},9,0,0,0,0,0,0,0
582831280728585,ÄieÌ‚Ì‰m soÌ‚Ì Ä‘aÌ‚Ì€u tieÌ‚n cuÌ‰a Joshua Keyes voÌ›Ìi Ä‘oÌ£Ì‚i boÌng moÌ›Ìi!,2023-07-28 19:49:15,0,0,{'like': 15},15,0,0,0,0,0,0,0
582589370752776,"ğŸ”¥ğŸ”¥ANTA TUNG FLASHSALE MUA 2 Táº¶NG 1 CHá»ˆ TRONG 4 NGÃ€Y 28/7-31/7

ğŸ’¥Chá»‘t thÃ¡ng 7 vá»›i Flashsale cá»±c nÃ³ng chá»‰ trong 4 ngÃ y tá»« 28/7-31/7- Thá»a sá»©c mua sáº¯m hÃ ng trÄƒm thiáº¿t káº¿ ANTA Sports Vietnam má»›i vá»«a cáº­p báº¿n. CÆ¡ há»™iXem thÃªm duy nháº¥t Ä‘á»ƒ rinh cÃ¡c item má»›i nháº¥t tá»« nhÃ  ANTA vá»›i giÃ¡ siÃªu há»i. Cuá»‘i tuáº§n nÃ y Ä‘áº¿n ANTA shopping ngay thÃ´i nÃ o cÃ¡c baller Æ¡iâ€¼ï¸

ğŸ”° Táº¶NG THÃŠM NGAY 1 Sáº¢N PHáº¨M KHI MUA 2 Sáº¢N PHáº¨M báº¥t ká»³
ğŸ”° Táº¶NG MÃY Lá»ŒC KHÃ”NG KHÃ 3,99 TRIá»†U cho hÃ³a Ä‘Æ¡n tá»« 9 triá»‡u
ğŸ”° Ãp dá»¥ng cho táº¥t cáº£ sáº£n pháº©m: quáº§n Ã¡o/ giÃ y dÃ©p/ phá»¥ kiá»‡n (khÃ´ng bao gá»“m táº¥t).

ğŸ“ ChÆ°Æ¡ng trÃ¬nh sáº½ diá»…n ra táº¡i Há»‡ thá»‘ng ANTA trÃªn toÃ n quá»‘c. Äá»‹a chá»‰ cá»¥ thá»ƒ táº¡i: https://bit.ly/3PUTVW9

Chá»‘t máº«u Ä‘inh rinh ngay káº»o lá»¡ thÃ´i nÃ oâ€¼ï¸

ANTA-KEEP MOVING

#anta #antasportsvietnam #sale #flashsale #mua2tang1",2023-07-28 10:00:03,0,0,{'like': 16},16,0,0,0,0,0,0,0
2246814392170732,"XuÃ¢n Ä‘Ã£ vá» ğŸ€ğŸµï¸

#VBA #VBA2023",2023-01-21 23:49:15,2,1,"{'thÃ­ch': 361, 'yÃªu thÃ­ch': 118, 'haha': 1, 'thÆ°Æ¡ng thÆ°Æ¡ng': 5}",485,361,5,118,1,0,0,0
2246814298837408,"Wishing you a HAPPY NEW YEAR â¤ï¸

#VBA #VBA2023",2023-01-21 23:49:07,0,1,"{'thÃ­ch': 81, 'yÃªu thÃ­ch': 15, 'thÆ°Æ¡ng thÆ°Æ¡ng': 3}",99,81,3,15,0,0,0,0
2221546148030890,"ğŸ„ ğŸ€ Merry Christmas
#VBA #Christmas2022",2022-12-21 17:37:11,4,0,"{'thÃ­ch': 89, 'yÃªu thÃ­ch': 17}",106,89,0,17,0,0,0,0
2221545474697624,"ğŸ„ ğŸ€ Merry Christmas
#VBA #Christmas2022",2022-12-21 17:36:22,2,0,"{'thÃ­ch': 486, 'yÃªu thÃ­ch': 139, 'haha': 1, 'wow': 1, 'thÆ°Æ¡ng thÆ°Æ¡ng': 3}",630,486,3,139,1,0,1,0
2132650480253791,"HÃ€O Há»¨NG Má»ªNG SINH NHáº¬T CITIGYM PHá»” QUANG ğŸ‰

CITIGYM Phá»• Quang chÃ­nh thá»©c Ä‘Ã¡nh dáº¥u cá»™t má»‘c 03 nÄƒm hÃ¬nh thÃ nh, phÃ¡t triá»ƒn vÃ  trá»Ÿ thÃ nh ""Thá»§ phá»§ cá»§a Gymer"". Báº¡n Ä‘Ã£ sáºµn sÃ ng Ä‘á»ƒ hÃ²a mÃ¬nh cÃ¹ng khÃ´ng khÃ­ tÆ°ng bá»«ng vá»›iXem thÃªm cÃ¡c hoáº¡t Ä‘á»™ng má»«ng sinh nháº­t ngay chÆ°a nÃ o?
ğŸ”¸Bootcamp thá»ƒ lá»±c Ä‘áº§y thÃ¡ch thá»©c
ğŸ”¸ThÆ°á»Ÿng thá»©c Ã¢m nháº¡c acoustic cÃ¹ng ca sÄ© Edward DÆ°Æ¡ng vÃ  band nháº¡c
ğŸ”¸Tiá»‡c nháº¹ má»«ng sinh nháº­t
Hoáº¡t Ä‘á»™ng má»«ng sinh nháº­t diá»…n ra tá»« ngÃ y 15-16/09.
Äáº·c biá»‡t, sá»± kiá»‡n má»«ng sinh nháº­t sáº½ Ä‘Æ°á»£c diá»…n ra vÃ o lÃºc:
ğŸ•• 17:00 | Thá»© SÃ¡u 16.09.2022
ğŸ”¸ 119 Phá»• Quang, PhÆ°á»ng 2, Q. PhÃº Nhuáº­n.
ğŸ‘‰ Tham gia chÆ°Æ¡ng trÃ¬nh cÃ¹ng báº¡n bÃ¨ sáº½ nháº­n Ä‘Æ°á»£c nhiá»u Æ°u Ä‘Ã£i háº¥p dáº«n. ÄÄƒng kÃ½ tham gia ngay táº¡i khu vá»±c Lá»… tÃ¢n.
#VBA #VBA2022 #CITIGYM #Dáº«nÄáº§uPhongCÃ¡chSá»‘ng
#CITIGYMPhoQuang #HappyBirthday3rd
---
CITIGYM - Dáº«n Äáº§u Phong CÃ¡ch Sá»‘ng
ğŸ‘‰ Hotline: 1900 633 638
ğŸ‘‰ Há»‡ thá»‘ng phÃ²ng táº­p: https://citigym.com.vn/clb",2022-09-14 10:00:02,0,0,{'like': 7},7,0,0,0,0,0,0,0
2132374190281420,"Sá»¬ Dá»¤NG Cá»°C â€œCHILL"" - NHáº¬N QUÃ€ ÄÃšNG â€œÄIá»†U""
ğŸ’°ğŸ“ƒ Báº¡n cáº§n gá»­i tiáº¿t kiá»‡m, thanh toÃ¡n hoÃ¡ Ä‘Æ¡n, náº¡p tiá»n Ä‘iá»‡n thoáº¡i,... vÃ  nhiá»u hÆ¡n tháº¿ ná»¯a? Má»i nhu cáº§u, má»i thá»© Báº¡n cáº§n Ä‘á»u náº±m trá»n váº¹n chá»‰ trong má»™t á»©ng dá»¥ng.

ğŸ¤³Xem thÃªm NgÃ¢n hÃ ng sá»‘ Digimi sáº½ Ä‘Ã¡p á»©ng má»i chuyá»‡n, chuyá»‡n khÃ³ khÄƒn Ä‘á»u Ä‘Æ°á»£c giáº£i quyáº¿t dá»… dÃ ng, Ä‘Æ¡n giáº£n vÃ  tiáº¿t kiá»‡m thá»i gian nháº¥t. Khi sá»­ dá»¥ng tÃ­nh nÄƒng táº¡i Digimi Ä‘á»u Ä‘Æ°á»£c tÃ­ch Ä‘iá»ƒm, 1 Ä‘iá»ƒm = 1 VND tiá»n thÆ°á»Ÿng/ giÃ¡ trá»‹ quÃ  táº·ng tÆ°Æ¡ng Ä‘Æ°Æ¡ng

ğŸ”· Gá»­i tiáº¿t kiá»‡m 1 triá»‡u sáº½ tÃ­ch Ä‘Æ°á»£c 5 Ä‘iá»ƒm
ğŸ”· Vay vÃ  tháº¥u chi 1 triá»‡u sáº½ tÃ­ch Ä‘Æ°á»£c 50 Ä‘iá»ƒm
ğŸ”· Náº¡p tiá»n Ä‘iá»‡n thoáº¡i vÃ  thanh toÃ¡n hoÃ¡ Ä‘Æ¡n 1 láº§n giao dá»‹ch sáº½ tÃ­ch Ä‘Æ°á»£c 100 Ä‘iá»ƒm
ğŸ’TÃ­ch cÃ ng nhiá»u Ä‘iá»ƒm - Ä‘á»•i Ä‘Æ°á»£c tiá»n vÃ o tÃ i khoáº£n vÃ  cÃ¡c Voucher cÃ ng giÃ¡ trá»‹!!!!

ğŸ’ƒï¸ğŸŠ CÃ³ Digimi tiá»‡n lá»£i á»Ÿ má»i nÆ¡i, an toÃ n á»Ÿ má»i giao dá»‹ch, nhanh chÃ³ng xá»­ lÃ½ nhiá»u viá»‡c trong â€œnhÃ¡y máº¯t"". Cháº§n chá»« gÃ¬ mÃ  khÃ´ng sá»­ dá»¥ng tÃ­nh nÄƒng táº¡i Digimi vÃ  tÃ­ch Ä‘iá»ƒm liá»n tay Ä‘á»•i ngay quÃ  siÃªu háº¥p dáº«n:
ğŸ“ Chi tiáº¿t chÆ°Æ¡ng trÃ¬nh: https://vietcapitalbank.com.vn/.../tang-qua-50-000vnd-va.../

#VBA #VBA2022 #nganhangBanViet #ChungtoibatdautuBAN #Tichdiemdoiqua #Digimi",2022-09-13 15:00:02,0,0,{'like': 8},8,0,0,0,0,0,0,0
2117564445095728,"THE FINALS ğŸ†

#VBA #VBABroughtbyNovaWorld2022 #VBAFinals2022",2022-08-25 16:56:18,12,4,"{'thÃ­ch': 347, 'yÃªu thÃ­ch': 86, 'haha': 1, 'wow': 2, 'thÆ°Æ¡ng thÆ°Æ¡ng': 3}",439,347,3,86,1,0,2,0
2117474488438057,"[GIVEAWAY] - THá»¬ Váº¬N MAY- NHáº¬N NGAY VÃ‰ BHD

ğŸ€ğŸ€ Nhanh tay tham gia Giveaway Sá» Há»®U NGAY cáº·p vÃ© tá»« BHD!!!!
ğŸ€ğŸ€ GIáº¢I THÆ¯á»NG:
- 10 cáº·p vÃ© BHD dÃ nh cho 10 Ballers may máº¯n vá»›i 10 con sá»‘ may máº¯n nháº¥t.
*Ãp dá»¥ng cho táº¥tXem thÃªm cáº£ cÃ¡c cá»¥m ráº¡p BHD trÃªn toÃ n quá»‘c.
--------------------------------------
CÃCH THá»¨C THAM GIA
â¡ï¸BÆ°á»›c 1: Like (thÃ­ch) trang fanpage BHD Star Cineplex
Link Fanpage: https://www.facebook.com/BHDStar/
â¡ï¸BÆ°á»›c 2: Like vÃ  Share bÃ i post minigame cháº¿ Ä‘á»™ Puplic
â¡ï¸BÆ°á»›c 3: Comment con sá»‘ may máº¯n + tag 2 chiáº¿n há»¯u cá»§a báº¡n
---------------------------------------
â³THá»œI GIAN: Minigame diá»…n ra tá»« 15h00 ngÃ y 25/08 --> 15h00 ngÃ y 28/08, káº¿t quáº£ sáº½ Ä‘Æ°á»£c cÃ´ng bá»‘ ngÃ y 29/08/2022.
---------------------------------------
â—ï¸QUY Äá»ŠNH
- NgÆ°á»i chÆ¡i pháº£i lÃ m Ä‘á»§ cÃ¡c bÆ°á»›c, chá»‰ Ä‘Æ°á»£c comment Ä‘Ã¡p Ã¡n 1 láº§n duy nháº¥t vÃ  khÃ´ng chá»‰nh sá»­a
- Má»i quyáº¿t Ä‘á»‹nh thuá»™c vá» ban tá»• chá»©c

CHÃšC CÃC Báº N MAY Máº®N!
#VBABroughtbyNovaWorld #VBA2022 #BHDStarCineplex",2022-08-25 15:00:04,0,0,{'like': 187},187,0,0,0,0,0,0,0
2067931790058994,"ğŸ† ğ•ğğ€ ğğ«ğ¨ğ®ğ ğ¡ğ­ ğ›ğ² ğğ¨ğ¯ğšğ–ğ¨ğ«ğ¥ğ ğŸğŸğŸğŸ cÃ¹ng 7 Ä‘á»™i bÃ³ng Ä‘Ã£ sáºµn sÃ ng ""CHÃY"" cÃ¹ng nhá»¯ng con tim yÃªu bÃ³ng rá»• rá»“i Ä‘Ã¢y. Let's go!

#VBA #VBABroughtbyNovaWorld2022 #BasketballweallLOVE",2022-08-20 15:09:19,1,2,"{'thÃ­ch': 226, 'yÃªu thÃ­ch': 35, 'thÆ°Æ¡ng thÆ°Æ¡ng': 1}",262,226,1,35,0,0,0,0
2113733948812111,"ğ•ğğ€ ğ›ğ«ğ¨ğ®ğ ğ¡ğ­ ğ›ğ² ğğ¨ğ¯ğšğ–ğ¨ğ«ğ¥ğ ğŸğŸğŸğŸ - ğğ¥ğšğ²ğ¨ğŸğŸğ¬

""THE 4"" ğŸ”¥ğŸŒªğŸŸ«ğŸŒŠ

#VBA #VBABroughtbyNovaWorld2022",2022-08-20 15:08:56,1,1,"{'thÃ­ch': 99, 'yÃªu thÃ­ch': 27, 'wow': 1, 'thÆ°Æ¡ng thÆ°Æ¡ng': 1}",128,99,1,27,0,0,1,0
2112032122315627,"NÃ‚NG CAO THá»‚ Lá»°C, CHINH CHIáº¾N Háº¾T MÃŒNH

Äá»ƒ chuáº©n bá»‹ thá»ƒ lá»±c tháº­t tá»‘t cho cÃ¡c tráº­n Ä‘áº¥u táº¡i VBA, cÃ¡c thÃ nh viÃªn cá»§a Ä‘á»™i Cantho Catfish Ä‘Ã£ cÃ³ buá»•i táº­p luyá»‡n Ä‘áº§y hÃ o há»©ng táº¡i CITIGYM.

Vá»›i trang thiáº¿t bá»‹ hiá»‡n Ä‘áº¡iXem thÃªm cÃ¹ng khÃ´ng gian xanh mang láº¡i cáº£m giÃ¡c thoáº£i mÃ¡i khi táº­p luyá»‡n, CITIGYM cháº¯c cháº¯c sáº½ giÃºp cÃ¡c VÄV cá»§a Ä‘á»™i Cantho Catfish cÃ³ tháº­t nhiá»u nÄƒng lÆ°á»£ng.
â€”
CITIGYM - DáºªN Äáº¦U PHONG CÃCH Sá»NG
Theo dÃµi ngay Fanpage CITIGYM Ä‘á»ƒ cáº­p nháº­t nhá»¯ng thÃ´ng tin má»›i nháº¥t: https://www.facebook.com/CITIGYMVN
Há»‡ thá»‘ng phÃ²ng táº­p: https://citigym.com.vn/clb

#VBAbroughtbyNovaWorld #Citigym",2022-08-18 12:05:11,0,0,{'like': 38},38,0,0,0,0,0,0,0
2107354116116761,"NÃ“I KHÃ”NG Vá»šI PHÃ‚N BIá»†T CHá»¦NG Tá»˜C âŒ
â•â•â•â•â•â•â•â•â•â•â•â•â•â•â•â•â•â•â•
ğ’ğ“ğ€ğğƒ ğ€ğ†ğ€ğˆğğ’ğ“ ğ‘ğ€ğ‚ğˆğ’ğŒ âŒ
#VBA #VBABroughtbyNovaWorld2022 #BasketballWeAllLOVE",2022-08-12 11:44:49,0,2,"{'thÃ­ch': 230, 'yÃªu thÃ­ch': 111, 'thÆ°Æ¡ng thÆ°Æ¡ng': 4}",345,230,4,111,0,0,0,0
2107353809450125,"NÃ“I KHÃ”NG Vá»šI PHÃ‚N BIá»†T CHá»¦NG Tá»˜C âŒ
â•â•â•â•â•â•â•â•â•â•â•â•â•â•â•â•â•â•â•
ğ’ğ“ğ€ğğƒ ğ€ğ†ğ€ğˆğğ’ğ“ ğ‘ğ€ğ‚ğˆğ’ğŒ âŒ

#VBA #VBABroughtbyNovaWorld2022 #BasketballWeAllLOVE",2022-08-12 11:44:14,3,3,"{'thÃ­ch': 467, 'yÃªu thÃ­ch': 226, 'haha': 1, 'thÆ°Æ¡ng thÆ°Æ¡ng': 11}",705,467,11,226,1,0,0,0
